,Name,City,Rating,Review Count,Promoted,Price,Cuisine,Position,Median Household Income (USD)
0,Alley & Vine,Alameda,4.6,131.0,0.0,3.0,Contemporary American,28.0,104756
1,Forbidden Island Tiki Lounge,Alameda,4.8,118.0,0.0,2.0,Cocktail Bar,31.0,104756
2,The Park Street Tavern,Alameda,4.7,289.0,0.0,3.0,Mediterranean,32.0,104756
3,The Star on Park,Alameda,4.8,254.0,0.0,2.0,Pizzeria,40.0,104756
4,Trabocco,Alameda,4.8,2607.0,0.0,3.0,Contemporary Italian,47.0,104756
5,Speisekammer,Alameda,4.3,1373.0,0.0,2.0,German,73.0,104756
6,Wine & Waffles,Alameda,4.3,50.0,0.0,2.0,American,76.0,104756
7,Angela's,Alameda,4.6,354.0,0.0,2.0,Mediterranean,91.0,104756
8,Pappo,Alameda,4.3,856.0,0.0,2.0,Californian,96.0,104756
9,Gold Coast Grill,Alameda,4.3,269.0,0.0,2.0,Mediterranean,516.0,104756
10,Shirasoni,Alameda,4.3,273.0,0.0,2.0,Japanese,1005.0,104756
11,CK Restaurant,Alameda,3.9,55.0,0.0,2.0,American,1066.0,104756
12,Pasta Pelican - Alameda,Alameda,4.3,151.0,0.0,2.0,Italian,1130.0,104756
13,Cafe Jolie,Alameda,4.3,89.0,0.0,2.0,French American,1192.0,104756
14,C'era Una Volta,Alameda,4.0,865.0,0.0,2.0,Italian,1376.0,104756
15,Forli Restaurant & Bar,Alamo,4.5,55.0,0.0,2.0,Italian,129.0,239545
16,Zaytoon,Albany,4.6,296.0,0.0,2.0,Middle Eastern,1017.0,95400
17,Romano's Macaroni Grill - El Cerrito,Albany,3.6,91.0,0.0,2.0,Italian,1024.0,95400
18,Juanita & Maude,Albany,4.9,832.0,0.0,3.0,American,1041.0,95400
19,Little Star Solano,Albany,4.5,325.0,0.0,2.0,Pizzeria,1076.0,95400
20,Rendez Vous Cafe Bistro,Albany,4.2,596.0,0.0,2.0,French,1077.0,95400
21,Smith's Landing Seafood Grill,Antioch,4.4,289.0,0.0,2.0,Seafood,2012.0,76601
22,Iron Gate,Belmont,4.8,2380.0,0.0,3.0,French,57.0,156052
23,Waterdog Tavern,Belmont,4.5,696.0,0.0,2.0,Comfort Food,103.0,156052
24,Divino Ristorante,Belmont,4.7,959.0,0.0,2.0,Italian,109.0,156052
25,Vivace - Belmont,Belmont,4.7,1805.0,0.0,2.0,Italian,151.0,156052
26,Farm House,Belmont,4.6,63.0,0.0,2.0,Contemporary American,154.0,156052
27,Bella Siena,Benicia,4.7,1785.0,0.0,2.0,Italian,1012.0,103413
28,Sailor Jack's,Benicia,4.6,384.0,0.0,2.0,Seafood,1050.0,103413
29,Lucca Bar & Grill,Benicia,4.3,210.0,0.0,2.0,Gastro Pub,1775.0,103413
30,Limewood Bar & Restaurant,Berkeley,4.2,1096.0,0.0,3.0,Californian,24.0,85530
31,donato&co.,Berkeley,4.6,864.0,0.0,2.0,Italian,59.0,85530
32,Julia's Restaurant,Berkeley,4.8,1239.0,0.0,3.0,French,68.0,85530
33,Mount Everest Restaurant,Berkeley,4.1,52.0,0.0,2.0,Indian,102.0,85530
34,Finfine,Berkeley,4.5,50.0,0.0,2.0,Ethiopian,103.0,85530
35,The Berkeley Boathouse,Berkeley,3.9,111.0,0.0,3.0,American,1000.0,85530
36,Agrodolce,Berkeley,4.3,879.0,0.0,2.0,Italian,1001.0,85530
37,Skates on the Bay,Berkeley,4.4,6343.0,0.0,2.0,Seafood,1008.0,85530
38,Italy on Gilman,Berkeley,4.4,162.0,0.0,2.0,Italian,1009.0,85530
39,Akemi Berkeley,Berkeley,4.4,344.0,0.0,2.0,Japanese,1016.0,85530
40,La Marcha,Berkeley,4.4,488.0,0.0,3.0,Spanish,1018.0,85530
41,Hana Japan Steak & Seafood - Berkeley,Berkeley,4.5,108.0,0.0,3.0,Teppanyaki,1043.0,85530
42,Abstract Table,Berkeley,4.1,75.0,0.0,4.0,Californian,1045.0,85530
43,Lucia's Berkeley,Berkeley,4.4,322.0,0.0,2.0,Italian,1051.0,85530
44,B & B,Berkeley,3.6,72.0,0.0,2.0,American,1117.0,85530
45,Belli Osteria,Berkeley,4.3,69.0,0.0,2.0,Italian,1124.0,85530
46,Gecko Gecko,Berkeley,3.8,79.0,0.0,2.0,Thai,1146.0,85530
47,Corso Ristorante,Berkeley,4.4,2429.0,0.0,2.0,Italian,1151.0,85530
48,Zabu Zabu,Berkeley,4.3,93.0,0.0,2.0,Shabu-shabu,1155.0,85530
49,Chez Panisse Cafe,Berkeley,4.5,3634.0,0.0,3.0,Californian,1171.0,85530
50,Chez Panisse Restaurant,Berkeley,4.5,684.0,0.0,4.0,Californian,1172.0,85530
51,Tigerlily,Berkeley,4.5,60.0,0.0,2.0,Contemporary Indian,1178.0,85530
52,Ajanta Restaurant,Berkeley,4.4,1012.0,0.0,2.0,Indian,1308.0,85530
53,Vanessa's Bistro,Berkeley,4.4,210.0,0.0,3.0,Asian,1342.0,85530
54,Lalime's,Berkeley,4.3,2800.0,0.0,3.0,Californian,1344.0,85530
55,IYASARE,Berkeley,4.5,792.0,0.0,2.0,Japanese,1397.0,85530
56,Zut Tavern,Berkeley,4.2,826.0,0.0,2.0,Mediterranean,1398.0,85530
57,T-Rex Restaurant,Berkeley,3.6,215.0,0.0,2.0,American,1409.0,85530
58,HS Lordships,Berkeley,4.1,751.0,0.0,2.0,American,1471.0,85530
59,Bay Grille & Bar,Berkeley,3.6,144.0,0.0,2.0,Contemporary American,1474.0,85530
60,Black Angus Steakhouse - Brentwood,Brentwood,4.5,1710.0,0.0,2.0,Steakhouse,2004.0,108994
61,Chianti's,Brentwood,4.6,501.0,0.0,3.0,Italian,2006.0,108994
62,Shirasoni Japanese Restaurant - Lone Tree Brentwood,Brentwood,4.2,140.0,0.0,2.0,Japanese,2016.0,108994
63,Zephyr Grill & Bar,Brentwood,4.1,130.0,0.0,2.0,American,2020.0,108994
64,Johnny Garlics,Brentwood,3.9,73.0,0.0,2.0,American,2266.0,108994
65,Park & Howard Bistro,Burlingame,4.8,598.0,0.0,2.0,Bistro,119.0,128447
66,Il Fornaio - Burlingame,Burlingame,4.4,3725.0,0.0,2.0,Italian,120.0,128447
67,Mykonos Meze,Burlingame,4.6,88.0,0.0,2.0,Greek,121.0,128447
68,Saltyard Restaurant and Bar,Burlingame,4.5,381.0,0.0,2.0,Italian,123.0,128447
69,Pizzeria Delfina Burlingame,Burlingame,4.5,216.0,0.0,2.0,Italian,124.0,128447
70,Cafe Figaro,Burlingame,4.8,138.0,0.0,2.0,Italian,125.0,128447
71,Trapeze Restaurant - Burlingame,Burlingame,4.6,867.0,0.0,2.0,Italian,126.0,128447
72,Kincaid's Bayhouse - Burlingame,Burlingame,4.2,4149.0,0.0,3.0,Seafood,129.0,128447
73,Farm and Vine,Burlingame,4.6,602.0,0.0,2.0,Farm-to-table,130.0,128447
74,Rocca Ristorante,Burlingame,4.8,1342.0,0.0,2.0,Italian,131.0,128447
75,Sapore Italiano,Burlingame,4.7,740.0,0.0,2.0,Italian,132.0,128447
76,Max's of Burlingame,Burlingame,4.4,579.0,0.0,2.0,American,138.0,128447
77,Rasoi,Burlingame,4.4,231.0,0.0,2.0,Indian,140.0,128447
78,"Benihana - Burlingame, CA",Burlingame,4.5,3430.0,0.0,2.0,Japanese,150.0,128447
79,Flights Restaurant by Alex Hult - Burlingame,Burlingame,4.3,147.0,0.0,2.0,Contemporary American,163.0,128447
80,Mokutanya Yakitori Charcoal,Burlingame,4.5,636.0,0.0,3.0,Japanese,164.0,128447
81,Mivan Mediterranean Cuisine,Burlingame,4.0,125.0,0.0,2.0,Greek,183.0,128447
82,Rasa - Burlingame,Burlingame,4.5,402.0,0.0,3.0,Contemporary Indian,701.0,128447
83,Rangoon Ruby Burmese Cuisine - Burlingame,Burlingame,4.3,128.0,0.0,2.0,Burmese,711.0,128447
84,The Plant Cafe Organic - Burlingame,Burlingame,3.7,163.0,0.0,3.0,Organic,716.0,128447
85,Straits Hawker Street - Permanently Closed,Burlingame,3.8,679.0,0.0,2.0,Asian,717.0,128447
86,Fattoria E Mare,Burlingame,3.8,187.0,0.0,2.0,Italian,741.0,128447
87,Grand Harbor,Burlingame,3.6,113.0,0.0,2.0,Dim Sum,766.0,128447
88,Pacific Catch - Campbell,Campbell,4.6,2185.0,0.0,2.0,Seafood,20.0,124525
89,Naschmarkt Restaurant,Campbell,4.8,1958.0,0.0,2.0,Austrian,21.0,124525
90,A Bellagio,Campbell,4.6,1912.0,0.0,3.0,Italian,22.0,124525
91,Trattoria 360,Campbell,4.8,597.0,0.0,3.0,Italian,23.0,124525
92,Willard Hicks - Campbell,Campbell,4.2,1141.0,0.0,3.0,American,24.0,124525
93,Opa! - Campbell,Campbell,4.3,165.0,0.0,2.0,Greek,26.0,124525
94,La Pizzeria - Campbell,Campbell,4.5,185.0,0.0,2.0,Italian,29.0,124525
95,Capers,Campbell,4.4,900.0,0.0,2.0,American,43.0,124525
96,Kyoto Palace Restaurant,Campbell,4.6,1700.0,0.0,3.0,Japanese,63.0,124525
97,Flights Restaurant by Alex Hult - Campbell,Campbell,4.0,153.0,0.0,2.0,Contemporary American,64.0,124525
98,Buca di Beppo - Campbell,Campbell,3.9,711.0,0.0,2.0,Italian,66.0,124525
99,Rock Bottom Brewery Restaurant - San Jose,Campbell,4.0,360.0,0.0,2.0,American,470.0,124525
100,Socialight,Campbell,3.6,99.0,0.0,2.0,"Global, International",534.0,124525
101,Tigelleria Organic Restaurant,Campbell,4.3,1373.0,0.0,3.0,Italian,563.0,124525
102,"Benihana - Concord, CA",Concord,4.1,3755.0,0.0,3.0,Japanese,1002.0,89564
103,Puesto Concord Veranda,Concord,4.4,520.0,0.0,2.0,Contemporary Mexican,1003.0,89564
104,Doppio Zero,Concord,4.6,51.0,0.0,3.0,Italian,1010.0,89564
105,Luna Ristorante - Concord,Concord,4.2,117.0,0.0,2.0,Italian,1020.0,89564
106,Brasas Do Brazil Steakhouse,Concord,4.7,950.0,0.0,3.0,Brazilian,1042.0,89564
107,Texas de Brazil - Concord,Concord,4.1,63.0,0.0,3.0,Steakhouse,1044.0,89564
108,Fiore,Concord,4.4,892.0,0.0,2.0,Italian,1056.0,89564
109,Vineyards Restaurant and Bar,Concord,3.3,55.0,0.0,4.0,Gastro Pub,1459.0,89564
110,LiMA,Concord,4.4,226.0,0.0,2.0,Peruvian,1495.0,89564
111,Flores - Corte Madera,Corte Madera,4.4,732.0,0.0,3.0,Mexican,9.0,149439
112,Il Fornaio - Corte Madera,Corte Madera,4.5,2601.0,0.0,3.0,Italian,10.0,149439
113,Pacific Catch - Corte Madera,Corte Madera,4.4,860.0,0.0,2.0,Seafood,11.0,149439
114,RH Rooftop Restaurant Marin,Corte Madera,4.7,649.0,0.0,3.0,American,12.0,149439
115,Bazille - Nordstrom The Village at Corte Madera,Corte Madera,4.1,67.0,0.0,2.0,Contemporary American,17.0,149439
116,"Boca Pizzeria, Village Mall at Corte Madera",Corte Madera,3.8,115.0,0.0,2.0,Pizzeria,133.0,149439
117,The Dead Fish,Crockett,4.6,9520.0,0.0,2.0,Seafood,1013.0,79951
118,"Benihana - Cupertino, CA",Cupertino,4.5,2886.0,0.0,2.0,Japanese,35.0,171917
119,Galpao Gaucho Brazilian Steakhouse - Cupertino,Cupertino,4.8,311.0,0.0,3.0,Brazilian Steakhouse,42.0,171917
120,Tarim Global Cuisine,Cupertino,3.8,622.0,0.0,2.0,Persian,50.0,171917
121,"Gyu-Kaku - Cupertino, CA",Cupertino,4.5,728.0,0.0,2.0,Japanese,85.0,171917
122,Alexander's Steakhouse - Cupertino,Cupertino,4.4,3105.0,0.0,4.0,Steakhouse,863.0,171917
123,Alexander's Steakhouse - Cupertino,Cupertino,4.4,3105.0,0.0,4.0,Steakhouse,906.0,171917
124,Steins Beer Garden - Cupertino,Cupertino,4.2,114.0,0.0,2.0,American,944.0,171917
125,SpiceKlub,Cupertino,4.2,83.0,0.0,4.0,Indian,1017.0,171917
126,Fontana's Italian,Cupertino,4.1,1575.0,0.0,3.0,Italian,1077.0,171917
127,Original Joe's Westlake,Daly City,4.7,1976.0,0.0,2.0,Italian,1000.0,94550
128,Bridges Restaurant,Danville,4.6,4030.0,0.0,2.0,Californian,4.0,160808
129,Danville Harvest,Danville,4.6,824.0,0.0,2.0,Californian,7.0,160808
130,Piatti - Danville,Danville,4.7,3664.0,0.0,2.0,Italian,8.0,160808
131,Albatross,Danville,4.5,791.0,0.0,2.0,Californian,11.0,160808
132,Forbes Mill Steakhouse - Danville,Danville,4.7,2486.0,0.0,3.0,Steakhouse,12.0,160808
133,Aozora Japanese Restaurant,Danville,4.7,101.0,0.0,2.0,Japanese,13.0,160808
134,Incontro,Danville,4.5,1419.0,0.0,2.0,Italian,15.0,160808
135,Cocina Hermanas,Danville,4.4,293.0,0.0,2.0,Mexican,17.0,160808
136,Faz Danville,Danville,4.3,1546.0,0.0,2.0,Mediterranean,58.0,160808
137,The Peasant & The Pear,Danville,4.3,2758.0,0.0,2.0,Californian,263.0,160808
138,Revel Kitchen & Bar,Danville,4.5,910.0,0.0,2.0,Contemporary American,272.0,160808
139,Thai House Restaurant - Danville,Danville,4.5,62.0,0.0,2.0,Thai,279.0,160808
140,Locanda Ravello,Danville,4.5,404.0,0.0,2.0,Italian,301.0,160808
141,The Basil Leaf Cafe,Danville,3.9,867.0,0.0,2.0,Italian,310.0,160808
142,Santorini Restaurant,Danville,4.1,222.0,0.0,2.0,Mediterranean,313.0,160808
143,Esin Restaurant and Bar,Danville,4.5,4379.0,0.0,2.0,American,377.0,160808
144,Baci Cafe - Blackhawk,Danville,4.1,188.0,0.0,2.0,Italian,1325.0,160808
145,The Prickly Pear Cantina,Danville,3.8,292.0,0.0,2.0,Mexican,1366.0,160808
146,Market Tavern Dublin,Dublin,4.7,531.0,0.0,2.0,American,1014.0,150299
147,Pacific Catch Dublin,Dublin,4.5,1019.0,0.0,2.0,Seafood,1015.0,150299
148,Hana Japan Steak & Seafood - Dublin,Dublin,4.4,73.0,0.0,3.0,Teppanyaki,1048.0,150299
149,Black Angus Steakhouse - Dublin,Dublin,4.0,2062.0,0.0,2.0,Steakhouse,1087.0,150299
150,Burma! Burma!,Dublin,4.5,139.0,0.0,2.0,Burmese,1548.0,150299
151,Yanagi Sushi & Grill,Dublin,4.1,283.0,0.0,2.0,Japanese,1630.0,150299
152,Coco Cabana,Dublin,4.0,440.0,0.0,2.0,Latin / Spanish,1684.0,150299
153,Berevino Italian Pub,Dublin,4.1,119.0,0.0,2.0,Italian,1695.0,150299
154,Chevys Fresh Mex - Emeryville,Emeryville,3.8,217.0,0.0,3.0,Mexican,1011.0,102725
155,P.F. Chang's - Emeryville,Emeryville,4.6,65.0,0.0,2.0,Asian,1047.0,102725
156,Townhouse Bar and Grill,Emeryville,4.3,1670.0,0.0,2.0,American,1217.0,102725
157,Summer Summer Thai Eatery,Emeryville,4.0,179.0,0.0,2.0,Thai,1232.0,102725
158,Cafe Florian,Foster City,4.4,136.0,0.0,2.0,American,174.0,158529
159,ABC Seafood - Foster City,Foster City,3.6,270.0,0.0,2.0,Chinese,590.0,158529
160,Strizzi's Fremont,Fremont,4.4,66.0,0.0,2.0,Italian,1037.0,133354
161,Massimo's - Fremont,Fremont,4.6,1345.0,0.0,3.0,Italian,2005.0,133354
162,Claim Jumper - Fremont,Fremont,3.6,170.0,0.0,2.0,American,2008.0,133354
163,Ristorante Il Porcino - Fremont,Fremont,4.7,202.0,0.0,2.0,Italian,2010.0,133354
164,Spin a Yarn,Fremont,4.0,457.0,0.0,3.0,Continental,2380.0,133354
165,West Side Grill - Gilroy,Gilroy,4.7,687.0,0.0,2.0,American,1032.0,101616
166,Cafe Thyme,Gilroy,4.4,57.0,0.0,2.0,American,1039.0,101616
167,Sushi Omakase,Gilroy,4.4,121.0,0.0,2.0,Sushi,1041.0,101616
168,It's Italia,Half Moon Bay,4.7,1456.0,0.0,2.0,Cocktail Bar,127.0,134177
169,Mezza Luna Restaurant,Half Moon Bay,4.6,2536.0,0.0,2.0,Italian,135.0,134177
170,La Costanera,Half Moon Bay,4.2,2857.0,0.0,3.0,Peruvian,146.0,134177
171,Pasta Moon,Half Moon Bay,4.7,3879.0,0.0,2.0,Italian,156.0,134177
172,Sam's Chowder House,Half Moon Bay,4.6,5179.0,0.0,2.0,Seafood,161.0,134177
173,Monsoon Himalayan Cuisine,Half Moon Bay,4.7,84.0,0.0,2.0,Nepalese,182.0,134177
174,Half Moon Bay Brewing Company,Half Moon Bay,3.8,503.0,0.0,2.0,American,188.0,134177
175,Romesco Bistro & Tapas,Half Moon Bay,4.2,106.0,0.0,2.0,Spanish,757.0,134177
176,Miramar Beach Restaurant,Half Moon Bay,4.3,3436.0,0.0,2.0,Seafood,810.0,134177
177,Moss Beach Distillery,Half Moon Bay,4.1,1262.0,0.0,2.0,Seafood,895.0,134177
178,Neumanali,Hayward,4.8,453.0,0.0,3.0,Contemporary American,1046.0,86744
179,PLaYT,Hayward,4.3,403.0,0.0,2.0,Southern,1305.0,86744
180,Barranco,Lafayette,4.4,733.0,0.0,2.0,Peruvian,1.0,178889
181,Locanda Positano,Lafayette,4.8,645.0,0.0,2.0,Italian,2.0,178889
182,Reve,Lafayette,4.8,1424.0,0.0,3.0,French,49.0,178889
183,American Kitchen,Lafayette,4.6,533.0,0.0,2.0,American,50.0,178889
184,The Cooperage,Lafayette,4.0,1995.0,0.0,2.0,American,51.0,178889
185,The Hideout Kitchen & Cafe - Lafayette,Lafayette,4.7,824.0,0.0,2.0,American,52.0,178889
186,The Park Bistro & Bar,Lafayette,4.4,1176.0,0.0,3.0,Contemporary American,54.0,178889
187,Postino,Lafayette,4.3,1536.0,0.0,3.0,Italian,144.0,178889
188,Rustic Tavern,Lafayette,4.2,621.0,0.0,2.0,Contemporary American,156.0,178889
189,Metro Lafayette,Lafayette,4.0,1415.0,0.0,2.0,Contemporary American,161.0,178889
190,El Charro Mexican Dining,Lafayette,4.1,53.0,0.0,2.0,Mexican,174.0,178889
191,Perry's on Magnolia,Larkspur,4.7,1419.0,0.0,2.0,American,13.0,109426
192,Left Bank Larkspur,Larkspur,4.5,3199.0,0.0,2.0,French,14.0,109426
193,Farmshop,Larkspur,4.6,904.0,0.0,2.0,Californian,38.0,109426
194,The Melting Pot - Larkspur,Larkspur,4.3,2684.0,0.0,3.0,Fondue,45.0,109426
195,Picco Restaurant,Larkspur,4.4,1860.0,0.0,3.0,Californian,139.0,109426
196,Elevation LVK,Livermore,4.5,189.0,0.0,2.0,Californian,1053.0,127452
197,Sauced BBQ & Spirits - Livermore,Livermore,4.6,400.0,0.0,2.0,Barbecue,2001.0,127452
198,Uncle Yu's at the Vineyard,Livermore,4.6,1533.0,0.0,2.0,Pan-Asian,2002.0,127452
199,Bruno's Italian Cuisine - Livermore,Livermore,4.4,65.0,0.0,2.0,Italian,2007.0,127452
200,Strizzi's Livermore,Livermore,4.1,111.0,0.0,2.0,Italian,2009.0,127452
201,Simply Fondue Livermore,Livermore,4.6,2690.0,0.0,3.0,Fondue,2013.0,127452
202,Garre Cafe,Livermore,4.6,924.0,0.0,2.0,Italian,2014.0,127452
203,Zephyr Grill and Bar,Livermore,4.5,1243.0,0.0,2.0,American,2015.0,127452
204,The Grill at Wente Vineyards,Livermore,3.2,141.0,0.0,3.0,American,2018.0,127452
205,Monica's Livermore,Livermore,4.3,132.0,0.0,2.0,American,2021.0,127452
206,Star Anise,Livermore,3.9,110.0,0.0,2.0,Thai,2162.0,127452
207,Rebel Kitchen & Libations,Livermore,3.8,53.0,0.0,2.0,American,2167.0,127452
208,Terra Mia,Livermore,4.3,1490.0,0.0,2.0,Italian,2271.0,127452
209,Underdog Wine Bar & Lounge,Livermore,4.2,420.0,0.0,3.0,Tapas / Small Plates,2319.0,127452
210,The Grill at Poppy Ridge Golf Course,Livermore,4.0,61.0,0.0,2.0,American,2398.0,127452
211,The Post,Los Altos,4.6,75.0,0.0,2.0,American,42.0,235278
212,Urfa Bistro,Los Altos,4.7,414.0,0.0,2.0,Mediterranean,44.0,235278
213,Campagne One Main,Los Altos,4.5,53.0,0.0,3.0,Bistro,48.0,235278
214,La Scala - Los Altos,Los Altos,4.5,62.0,0.0,2.0,Italian,51.0,235278
215,Estrellita Mexican Bistro & Cantina,Los Altos,4.2,210.0,0.0,2.0,Mexican,92.0,235278
216,Cetrella - Los Altos,Los Altos,4.6,740.0,0.0,2.0,Mediterranean,99.0,235278
217,Cafe Vitale,Los Altos,4.9,162.0,0.0,2.0,Italian,108.0,235278
218,Fiesta Vallarta,Los Altos,4.0,133.0,0.0,2.0,Mexican / Southwestern,168.0,235278
219,Morsey's Farmhouse,Los Altos,4.0,143.0,0.0,2.0,Californian,402.0,235278
220,Los Altos Grill - Los Altos,Los Altos,4.6,214.0,0.0,3.0,American,417.0,235278
221,The Palms,Los Gatos,4.4,650.0,1.0,3.0,Pacific Rim,1000.0,155863
222,Forbes Mill Steakhouse - Los Gatos,Los Gatos,4.7,3067.0,0.0,3.0,Steakhouse,1002.0,155863
223,Willow Street Wood-Fired Pizza - Los Gatos,Los Gatos,4.4,231.0,0.0,2.0,American,1004.0,155863
224,Dio Deka,Los Gatos,4.6,2763.0,0.0,4.0,Mediterranean,1018.0,155863
225,The Pastaria,Los Gatos,4.8,264.0,0.0,2.0,Italian,1019.0,155863
226,Eleven College Ave,Los Gatos,4.4,129.0,0.0,3.0,Californian,1021.0,155863
227,Flights Restaurant by Alex Hult - Los Gatos,Los Gatos,4.2,1342.0,0.0,2.0,Contemporary American,1022.0,155863
228,Burrell School Vineyards,Los Gatos,4.8,56.0,0.0,3.0,Winery,1028.0,155863
229,Grill 57 Bar & Restaurant,Los Gatos,4.3,95.0,0.0,3.0,American,1144.0,155863
230,Cin-Cin Wine Bar,Los Gatos,4.2,1034.0,0.0,4.0,Contemporary American,1157.0,155863
231,Manresa - Los Gatos,Los Gatos,4.6,1776.0,0.0,4.0,Contemporary American,1162.0,155863
232,Hanna,Los Gatos,4.3,100.0,0.0,2.0,Vietnamese,1165.0,155863
233,The Lexington House,Los Gatos,4.6,161.0,0.0,3.0,Californian,1175.0,155863
234,Billy's Boston Chowder House,Los Gatos,3.9,149.0,0.0,2.0,Seafood,1182.0,155863
235,Sidecar Modern Tavern,Los Gatos,4.5,85.0,0.0,2.0,Californian,1185.0,155863
236,Zona Rosa - Los Gatos,Los Gatos,4.2,105.0,0.0,2.0,Mexican,1186.0,155863
237,The Cats Restaurant & Tavern,Los Gatos,3.9,283.0,0.0,2.0,Barbecue,1220.0,155863
238,Galata Bistro,Menlo Park,4.8,353.0,0.0,2.0,Mediterranean,15.0,160784
239,Bistro Vida,Menlo Park,4.7,2152.0,0.0,2.0,French,17.0,160784
240,Left Bank Menlo Park,Menlo Park,4.5,2210.0,0.0,2.0,French,18.0,160784
241,British Bankers Club,Menlo Park,4.6,327.0,0.0,3.0,American,19.0,160784
242,CAMPER,Menlo Park,4.6,415.0,0.0,3.0,Farm-to-table,20.0,160784
243,Trellis Restaurant,Menlo Park,4.8,602.0,0.0,2.0,Italian,21.0,160784
244,Roma,Menlo Park,4.4,58.0,0.0,2.0,Italian,24.0,160784
245,La Stanza Cucina Italiana,Menlo Park,4.9,231.0,0.0,2.0,Italian,26.0,160784
246,Oak + Violet - Park James Hotel,Menlo Park,4.5,437.0,0.0,2.0,Californian,60.0,160784
247,Cafe Wisteria,Menlo Park,4.7,218.0,0.0,2.0,American,71.0,160784
248,Madera Restaurant at Rosewood Sand Hill,Menlo Park,4.6,2817.0,0.0,3.0,Contemporary American,77.0,160784
249,Mitsunobu,Menlo Park,4.4,307.0,0.0,3.0,Japanese,89.0,160784
250,The Lighthouse Bar & Grill,Mill Valley,4.3,234.0,0.0,2.0,American,7.0,163614
251,Piazza D'Angelo,Mill Valley,4.7,1542.0,0.0,2.0,Italian,8.0,163614
252,The Cantina - Mill Valley,Mill Valley,4.0,156.0,0.0,2.0,Mexican,35.0,163614
253,Prabh Indian Kitchen,Mill Valley,4.3,57.0,0.0,2.0,Indian,36.0,163614
254,Buckeye Roadhouse,Mill Valley,4.4,3246.0,0.0,3.0,American,90.0,163614
255,Bungalow 44,Mill Valley,4.2,1228.0,0.0,3.0,American,115.0,163614
256,Terrace Cafe and Veranda Bar - El Rancho Inn,Millbrae,4.0,91.0,0.0,2.0,American,186.0,128494
257,Grill and Vine,Millbrae,4.0,62.0,0.0,2.0,Californian,780.0,128494
258,La Collina,Millbrae,4.4,207.0,0.0,2.0,Italian,802.0,128494
259,El Torito - Milpitas,Milpitas,4.5,136.0,0.0,2.0,Mexican,41.0,132320
260,Romano's Macaroni Grill - Milpitas,Milpitas,4.5,132.0,0.0,2.0,Italian,47.0,132320
261,Black Angus Steakhouse - Milpitas,Milpitas,4.0,1083.0,0.0,2.0,Steakhouse,886.0,132320
262,Black Angus Steakhouse - Milpitas,Milpitas,4.0,1083.0,0.0,2.0,Steakhouse,929.0,132320
263,La Finestra Ristorante,Moraga,4.6,201.0,0.0,2.0,Italian,0.0,140378
264,Canyon Club Brewery - Moraga,Moraga,4.3,90.0,0.0,2.0,Brewery,109.0,140378
265,Ristorante Amoroma,Moraga,4.2,98.0,0.0,2.0,Italian,118.0,140378
266,Odeum,Morgan Hill,4.5,2008.0,0.0,3.0,Mediterranean,1008.0,124419
267,Willard Hicks - Morgan Hill,Morgan Hill,4.1,777.0,0.0,3.0,American,1009.0,124419
268,Rosy's at the Beach,Morgan Hill,4.2,311.0,0.0,2.0,Seafood,1012.0,124419
269,Prova California Table,Morgan Hill,4.4,298.0,0.0,4.0,International,1029.0,124419
270,The Good Fork - Morgan Hill,Morgan Hill,4.2,247.0,0.0,2.0,Californian,1244.0,124419
271,Cucina Venti,Mountain View,4.6,812.0,1.0,2.0,Italian,3.0,139720
272,Pacific Catch Mountain View,Mountain View,4.6,1012.0,0.0,2.0,Seafood,30.0,139720
273,Mantra India,Mountain View,4.2,222.0,0.0,2.0,Indian,36.0,139720
274,Cascal,Mountain View,4.7,3759.0,0.0,2.0,Tapas / Small Plates,41.0,139720
275,Steins Beer Garden,Mountain View,4.8,145.0,0.0,2.0,American,45.0,139720
276,Scratch (Mtn View),Mountain View,4.3,2050.0,0.0,3.0,American,46.0,139720
277,Doppio Zero - Mountain View,Mountain View,4.7,639.0,0.0,2.0,Italian,47.0,139720
278,La Fontaine Restaurant,Mountain View,4.7,548.0,0.0,2.0,Italian,49.0,139720
279,Bushido,Mountain View,4.3,474.0,0.0,2.0,Japanese,53.0,139720
280,Ristorante Don Giovanni - Mountain View,Mountain View,4.6,813.0,0.0,2.0,Italian,100.0,139720
281,Chez TJ,Mountain View,4.2,1342.0,0.0,4.0,Contemporary French,153.0,139720
282,Paul Martin's American Grill - Mountain View,Mountain View,4.1,1649.0,0.0,2.0,American,324.0,139720
283,Amber India - Los Altos,Mountain View,4.3,761.0,0.0,2.0,Indian,344.0,139720
284,Agave Mexican Bistro,Mountain View,3.9,139.0,0.0,2.0,Contemporary Mexican,441.0,139720
285,Shiva's,Mountain View,3.9,241.0,0.0,4.0,Indian,455.0,139720
286,Market Broiler- Fremont,Newark,4.6,565.0,0.0,2.0,Seafood,2003.0,116856
287,Bistro 880,Newark,3.7,68.0,0.0,3.0,Contemporary American,2033.0,116856
288,Rickey's Restaurant,Novato,4.3,229.0,0.0,3.0,American,20.0,101342
289,Chianti Cucina - Novato,Novato,4.6,760.0,0.0,2.0,Italian,23.0,101342
290,Batika India Bistro - Novato,Novato,4.4,114.0,0.0,2.0,Indian,55.0,101342
291,Wildfox,Novato,4.0,1004.0,0.0,2.0,Comfort Food,247.0,101342
292,Aurora Ristorante Italiano,Novato,4.3,219.0,0.0,2.0,Italian,254.0,101342
293,HopMonk Tavern - Novato,Novato,3.9,220.0,0.0,2.0,American,257.0,101342
294,Calavera Mexican Kitchen & Agave Bar,Oakland,4.4,1078.0,0.0,2.0,Mexican,18.0,73692
295,Belcampo - Oakland,Oakland,4.3,534.0,0.0,3.0,Steakhouse,23.0,73692
296,Marzano,Oakland,4.6,577.0,0.0,2.0,Italian,25.0,73692
297,Chop Bar,Oakland,4.3,217.0,0.0,2.0,American,27.0,73692
298,Homestead,Oakland,4.8,953.0,0.0,3.0,Californian,29.0,73692
299,The Star,Oakland,4.8,559.0,0.0,2.0,Pizzeria,36.0,73692
300,Enoteca Molinari,Oakland,4.7,374.0,0.0,3.0,Italian,37.0,73692
301,Z Cafe & Bar,Oakland,4.4,320.0,0.0,2.0,Californian,43.0,73692
302,A Cote,Oakland,4.6,2506.0,0.0,3.0,Mediterranean,57.0,73692
303,Oliveto Café & Restaurant,Oakland,4.3,3321.0,0.0,3.0,Italian,60.0,73692
304,A16 Rockridge,Oakland,4.7,1843.0,0.0,3.0,Italian,63.0,73692
305,Duende,Oakland,4.7,1135.0,0.0,3.0,Spanish,71.0,73692
306,Grand Lake Kitchen - Dimond,Oakland,4.4,123.0,0.0,2.0,American,79.0,73692
307,Mistura,Oakland,4.2,69.0,0.0,2.0,Peruvian,83.0,73692
308,Shakewell,Oakland,4.5,980.0,0.0,3.0,Mediterranean,84.0,73692
309,The Saap Avenue,Oakland,4.5,85.0,0.0,2.0,Laotian,86.0,73692
310,Pizzaiolo - Oakland,Oakland,4.5,668.0,0.0,3.0,Italian,97.0,73692
311,Umami Burger - Oakland,Oakland,3.8,158.0,0.0,2.0,Burgers,101.0,73692
312,Hopscotch - Oakland,Oakland,4.4,181.0,0.0,2.0,American,105.0,73692
313,Dyafa,Oakland,4.5,624.0,0.0,3.0,Syrian,107.0,73692
314,District - Oakland,Oakland,4.6,356.0,0.0,2.0,Tapas / Small Plates,163.0,73692
315,Italian Colors,Oakland,4.2,237.0,0.0,2.0,Californian,184.0,73692
316,Perle Wine Bar,Oakland,4.5,150.0,0.0,3.0,French,187.0,73692
317,Kakui,Oakland,4.2,291.0,0.0,2.0,Sushi,190.0,73692
318,Crogan's - Montclair,Oakland,3.6,111.0,0.0,2.0,American,195.0,73692
319,Mezze,Oakland,3.9,670.0,0.0,3.0,Californian,438.0,73692
320,Sister  - Oakland,Oakland,4.5,173.0,0.0,3.0,Californian,461.0,73692
321,Almond and Oak,Oakland,4.6,95.0,0.0,2.0,Contemporary American,466.0,73692
322,Barlago,Oakland,4.0,210.0,0.0,2.0,Italian,489.0,73692
323,The Barrel Room,Oakland,4.1,61.0,0.0,3.0,International,505.0,73692
324,Kronnerburger,Oakland,4.2,130.0,0.0,2.0,Contemporary American,506.0,73692
325,Belotti Ristorante e Bottega,Oakland,4.6,580.0,0.0,2.0,Italian,517.0,73692
326,Soi4 Bangkok Eatery,Oakland,4.4,458.0,0.0,2.0,Thai,521.0,73692
327,Commis (Oakland),Oakland,4.6,1263.0,0.0,4.0,Californian,540.0,73692
328,The Wolf - Oakland,Oakland,4.6,996.0,0.0,3.0,American,542.0,73692
329,Millennium Oakland,Oakland,4.5,1245.0,0.0,3.0,Vegan,552.0,73692
330,Copper Spoon - Oakland,Oakland,4.0,147.0,0.0,3.0,Californian,573.0,73692
331,The Lake Chalet Seafood Bar & Grill,Oakland,3.7,2404.0,0.0,3.0,Californian,660.0,73692
332,The Terrace Room at the Lake Merritt Hotel,Oakland,3.9,515.0,0.0,2.0,American,662.0,73692
333,Dona Tomas,Oakland,4.2,1652.0,0.0,3.0,Mexican,664.0,73692
334,Urbano Latino,Oakland,4.2,57.0,0.0,2.0,Latin American,692.0,73692
335,MUA,Oakland,4.1,1494.0,0.0,2.0,Contemporary American,695.0,73692
336,alaMar,Oakland,4.2,101.0,0.0,2.0,Shellfish,697.0,73692
337,Agave Uptown Oakland,Oakland,4.3,298.0,0.0,2.0,Regional Mexican,730.0,73692
338,Flora - Oakland,Oakland,4.2,2045.0,0.0,3.0,American,792.0,73692
339,Yoshi's Oakland,Oakland,4.7,6828.0,0.0,2.0,Japanese,1040.0,73692
340,Scott's Seafood - Oakland,Oakland,4.2,3413.0,0.0,2.0,Seafood,1101.0,73692
341,Old Kan & Beer Co.,Oakland,4.1,112.0,0.0,2.0,"Global, International",1219.0,73692
342,Shelby's,Orinda,4.7,60.0,0.0,2.0,Contemporary European,34.0,223217
343,Casa Orinda,Orinda,4.8,1454.0,0.0,3.0,American,53.0,223217
344,Barbacoa,Orinda,3.4,190.0,0.0,4.0,Mexican,208.0,223217
345,Table 24,Orinda,3.7,225.0,0.0,2.0,Comfort Food,209.0,223217
346,,Orland,,,,,,,38425
347,Moonraker,Pacifica,4.8,981.0,0.0,3.0,American,169.0,125500
348,Puerto 27 Peruvian Kitchen & Pisco Bar,Pacifica,4.1,397.0,0.0,2.0,Peruvian,943.0,125500
349,Reposado Restaurant,Palo Alto,4.6,2478.0,0.0,3.0,Mexican,1.0,158271
350,Osteria,Palo Alto,4.4,880.0,0.0,2.0,Italian,2.0,158271
351,St. Michael's Alley,Palo Alto,4.8,269.0,0.0,3.0,American,4.0,158271
352,Local Union 271,Palo Alto,4.1,159.0,0.0,2.0,Contemporary American,6.0,158271
353,Buca di Beppo - Palo Alto,Palo Alto,3.6,834.0,0.0,2.0,Italian,7.0,158271
354,Il Fornaio - Palo Alto,Palo Alto,4.6,2467.0,0.0,2.0,Italian,8.0,158271
355,Rangoon Ruby Burmese Cuisine - Palo Alto,Palo Alto,4.3,921.0,0.0,2.0,Burmese,9.0,158271
356,MacArthur Park - Palo Alto,Palo Alto,4.1,1561.0,0.0,2.0,American,10.0,158271
357,Burma Ruby,Palo Alto,4.0,320.0,0.0,2.0,Burmese,11.0,158271
358,TELÈFERIC BARCELONA - PALO ALTO,Palo Alto,4.6,843.0,0.0,4.0,Spanish,12.0,158271
359,True Food Kitchen - Palo Alto,Palo Alto,4.7,2273.0,0.0,3.0,American,13.0,158271
360,Fleming's Steakhouse - Palo Alto,Palo Alto,4.7,1494.0,0.0,3.0,Steak,14.0,158271
361,Sundance The Steakhouse,Palo Alto,4.7,3739.0,0.0,4.0,Steakhouse,16.0,158271
362,Cafe Pro Bono,Palo Alto,4.8,1065.0,0.0,2.0,Italian,22.0,158271
363,Anatolian Kitchen,Palo Alto,4.5,579.0,0.0,2.0,Turkish,25.0,158271
364,INDO Restaurant & Lounge,Palo Alto,4.7,988.0,0.0,3.0,Asian,27.0,158271
365,Pastis Bistro,Palo Alto,4.1,93.0,0.0,2.0,Contemporary French,28.0,158271
366,Dinah's Poolside Restaurant,Palo Alto,4.6,380.0,0.0,2.0,Californian,29.0,158271
367,Nobu Palo Alto,Palo Alto,4.7,560.0,0.0,4.0,Japanese,61.0,158271
368,Ettan - Palo Alto,Palo Alto,4.6,437.0,0.0,3.0,Indian,62.0,158271
369,Pizzeria Delfina Palo Alto,Palo Alto,4.7,114.0,0.0,2.0,Pizza Bar,63.0,158271
370,Evvia,Palo Alto,4.8,3602.0,0.0,3.0,Mediterranean,64.0,158271
371,Taverna,Palo Alto,4.7,671.0,0.0,3.0,Greek,65.0,158271
372,Zola + BarZola,Palo Alto,4.5,704.0,0.0,3.0,French,66.0,158271
373,Nola - Palo Alto,Palo Alto,4.2,2560.0,0.0,2.0,Cajun,67.0,158271
374,NM Cafe at Neiman Marcus - Palo Alto,Palo Alto,4.2,281.0,0.0,2.0,Contemporary American,73.0,158271
375,Quattro Restaurant and Bar - Four Seasons Hotel,Palo Alto,4.5,1182.0,0.0,3.0,Italian,74.0,158271
376,The Sea by Alexander's Steakhouse,Palo Alto,4.8,1632.0,0.0,4.0,Seafood,76.0,158271
377,P.F. Chang's - Palo Alto,Palo Alto,3.6,95.0,0.0,2.0,Asian,79.0,158271
378,Terrain Cafe – Palo Alto,Palo Alto,4.3,370.0,0.0,2.0,Contemporary American,80.0,158271
379,Caffe Riace,Palo Alto,4.5,97.0,0.0,3.0,Italian,86.0,158271
380,Mandarin Roots,Palo Alto,4.4,346.0,0.0,2.0,Tapas / Small Plates,88.0,158271
381,ROOH Palo Alto,Palo Alto,4.3,234.0,0.0,3.0,Contemporary Indian,194.0,158271
382,Coconuts Caribbean Restaurant & Bar,Palo Alto,3.9,236.0,0.0,2.0,Caribbean,195.0,158271
383,Gravity Bistro and Wine Bar,Palo Alto,4.2,509.0,0.0,2.0,French,199.0,158271
384,Bevri - Palo Alto,Palo Alto,4.4,161.0,0.0,2.0,Georgian,202.0,158271
385,Tamarine,Palo Alto,4.3,1764.0,0.0,3.0,Vietnamese,223.0,158271
386,Vina Enoteca,Palo Alto,4.4,533.0,0.0,3.0,Italian,226.0,158271
387,La Boheme - Palo Alto,Palo Alto,4.3,149.0,0.0,2.0,French,238.0,158271
388,Baume Restaurant,Palo Alto,4.5,516.0,0.0,4.0,French,249.0,158271
389,Smyrna,Palo Alto,4.4,54.0,0.0,2.0,Mediterranean,257.0,158271
390,The Fish Market - Palo Alto,Palo Alto,4.3,171.0,0.0,2.0,Seafood,274.0,158271
391,Cascade at Costanoa,Pescadero,4.2,122.0,0.0,3.0,Californian,181.0,120139
392,Pear Street Bistro,Pinole,4.2,172.0,0.0,2.0,Californian,1800.0,100315
393,Wence's Restaurant,Pleasant Hill,4.3,932.0,0.0,2.0,Californian,75.0,118947
394,De La Torre's Trattoria,Pleasanton,4.8,946.0,0.0,2.0,Italian,1019.0,156400
395,Pasta's Trattoria - Pleasanton,Pleasanton,4.6,570.0,0.0,3.0,Italian,1022.0,156400
396,Nonni's Bistro,Pleasanton,4.6,994.0,0.0,2.0,European,1026.0,156400
397,Barone's Restaurant,Pleasanton,4.7,566.0,0.0,3.0,Continental,1027.0,156400
398,Tri Valley Bistro,Pleasanton,4.6,174.0,0.0,2.0,American,1028.0,156400
399,Chianti Reserve,Pleasanton,4.4,485.0,0.0,2.0,Italian,1029.0,156400
400,Eddie Papa's American Hangout,Pleasanton,4.1,624.0,0.0,2.0,Contemporary American,1030.0,156400
401,Strizzi's Pleasanton,Pleasanton,4.6,147.0,0.0,2.0,Italian,1033.0,156400
402,P.F. Chang's - Pleasanton,Pleasanton,4.0,69.0,0.0,2.0,Asian,1034.0,156400
403,Faz Pleasanton,Pleasanton,3.7,606.0,0.0,2.0,Mediterranean,1036.0,156400
404,Blue Agave Club,Pleasanton,4.5,896.0,0.0,2.0,Mexican,1052.0,156400
405,Baci Bistro and Bar,Pleasanton,4.3,628.0,0.0,3.0,Italian,1057.0,156400
406,Handles Gastropub,Pleasanton,3.6,244.0,0.0,2.0,American,1861.0,156400
407,Oasis Wine Lounge,Pleasanton,4.1,707.0,0.0,2.0,Mediterranean,1865.0,156400
408,Forno Vecchio Restaurant,Pleasanton,4.1,190.0,0.0,3.0,Italian,1869.0,156400
409,Frontier Spice - Pleasanton,Pleasanton,4.4,57.0,0.0,2.0,Indian,1875.0,156400
410,Lokanta Mediterranean Grill & Bar,Pleasanton,4.2,121.0,0.0,2.0,Mediterranean,1876.0,156400
411,Handles Gastropub,Pleasanton,3.6,244.0,0.0,2.0,American,1902.0,156400
412,Oasis Wine Lounge,Pleasanton,4.1,707.0,0.0,2.0,Mediterranean,1906.0,156400
413,Forno Vecchio Restaurant,Pleasanton,4.1,190.0,0.0,3.0,Italian,1910.0,156400
414,Frontier Spice - Pleasanton,Pleasanton,4.4,57.0,0.0,2.0,Indian,1916.0,156400
415,Lokanta Mediterranean Grill & Bar,Pleasanton,4.2,121.0,0.0,2.0,Mediterranean,1917.0,156400
416,Due West Olema,Point Reyes Station,4.7,83.0,0.0,2.0,American,22.0,36597
417,Station House Cafe,Point Reyes Station,3.9,596.0,0.0,2.0,American,289.0,36597
418,The Bull Valley Roadhouse,Port Costa,4.1,2351.0,0.0,3.0,American,1055.0,181116
419,Portola Kitchen,Portola Valley,4.8,708.0,0.0,2.0,Italian,31.0,224554
420,Parkside Grille,Portola Valley,4.7,1274.0,0.0,2.0,Californian,43.0,224554
421,Donato Enoteca,Redwood City,4.6,2414.0,0.0,2.0,Italian,32.0,117123
422,Redwood Grill,Redwood City,4.3,179.0,0.0,2.0,Californian,33.0,117123
423,Angelicas,Redwood City,4.6,453.0,0.0,2.0,Latin American,34.0,117123
424,Arya Steakhouse - Redwood City,Redwood City,4.6,581.0,0.0,2.0,Steakhouse,35.0,117123
425,Broadway Masala,Redwood City,4.8,287.0,0.0,2.0,Indian,39.0,117123
426,Timber & Salt,Redwood City,4.8,305.0,0.0,3.0,American,82.0,117123
427,Portobello Grill,Redwood City,4.6,366.0,0.0,2.0,Italian,83.0,117123
428,Alhambra Irish House,Redwood City,4.2,487.0,0.0,2.0,Irish,87.0,117123
429,Milagros,Redwood City,4.3,1767.0,0.0,2.0,Latin American,95.0,117123
430,Crouching Tiger Restaurant,Redwood City,4.1,208.0,0.0,2.0,Chinese,96.0,117123
431,Mistral Restaurant & Bar - Redwood City,Redwood City,4.5,981.0,0.0,2.0,Californian,152.0,117123
432,Scrollbar Waterside Kitchen,Redwood City,4.1,76.0,0.0,2.0,"Global, International",175.0,117123
433,La Viga Seafood,Redwood City,4.6,108.0,0.0,2.0,Mexican,348.0,117123
434,LV Mar,Redwood City,4.4,836.0,0.0,3.0,Tapas / Small Plates,361.0,117123
435,Downtown - Permanently Closed,Redwood City,3.7,69.0,0.0,2.0,Californian,363.0,117123
436,Max's of Redwood City,Redwood City,3.8,183.0,0.0,2.0,American,377.0,117123
437,Salute E Vita Ristorante,Richmond,4.3,913.0,0.0,2.0,Italian,1674.0,68472
438,Assemble,Richmond,4.1,334.0,0.0,2.0,American,1689.0,68472
439,Marche aux Fleurs,Ross,4.7,1353.0,0.0,3.0,Farm-to-table,16.0,224500
440,Trattoria Fresco,Ross,4.7,161.0,0.0,3.0,Italian,42.0,224500
441,Insalata's,San Anselmo,4.7,2679.0,0.0,3.0,Mediterranean,39.0,128212
442,Valenti & Co. Ristorante,San Anselmo,4.6,438.0,0.0,3.0,Italian,40.0,128212
443,Bistro Viz,San Anselmo,4.7,700.0,0.0,3.0,Californian,41.0,128212
444,Marinitas,San Anselmo,4.0,925.0,0.0,2.0,Mexican,49.0,128212
445,Lincoln Park Wine Bar,San Anselmo,4.3,100.0,0.0,2.0,Wine Bar,226.0,128212
446,cucina sa,San Anselmo,4.1,401.0,0.0,3.0,Italian,228.0,128212
447,Gintei,San Bruno,4.6,319.0,0.0,2.0,Sushi,147.0,109387
448,Cleo's Brazilian Steakhouse & Churrascaria,San Bruno,3.7,174.0,0.0,3.0,Brazilian Steakhouse,843.0,109387
449,PRANZI,San Carlos,4.6,475.0,0.0,2.0,Italian,52.0,182083
450,West Park Bistro,San Carlos,4.6,518.0,0.0,2.0,Californian,54.0,182083
451,Spasso,San Carlos,4.6,1115.0,0.0,2.0,Italian,55.0,182083
452,Izzy's Steaks & Chops – San Carlos,San Carlos,4.4,1212.0,0.0,3.0,Steakhouse,58.0,182083
453,Taurus Steakhouse,San Carlos,4.5,132.0,0.0,4.0,Steakhouse,59.0,182083
454,Domenico Winery & Osteria,San Carlos,4.8,203.0,0.0,2.0,Italian,98.0,182083
455,Seiya,San Carlos,4.4,526.0,0.0,3.0,Japanese,101.0,182083
456,888 Ristorante Italiano,San Carlos,4.7,330.0,0.0,2.0,Italian,102.0,182083
457,Blind Tasting,San Carlos,4.1,93.0,0.0,2.0,Wine Bar,106.0,182083
458,Rangoon Ruby Burmese Cuisine - San Carlos,San Carlos,4.6,424.0,0.0,2.0,Burmese,111.0,182083
459,Town,San Carlos,4.5,5583.0,0.0,2.0,American,170.0,182083
460,Pazzo,San Carlos,3.8,51.0,0.0,2.0,Fusion / Eclectic,485.0,182083
461,Rustic House - San Carlos,San Carlos,4.0,174.0,0.0,2.0,Seafood,499.0,182083
462,Shiki Bistro - San Carlos,San Carlos,3.9,164.0,0.0,2.0,Japanese,502.0,182083
463,Saffron Indian Bistro,San Carlos,4.1,86.0,0.0,2.0,Indian,517.0,182083
464,Creola,San Carlos,4.3,1911.0,0.0,2.0,Creole,531.0,182083
465,Roka Akor - San Francisco,San Francisco,4.7,1455.0,1.0,2.0,Japanese,0.0,112449
466,China Live,San Francisco,4.7,1624.0,0.0,2.0,Chinese,1.0,112449
467,BAIA,San Francisco,4.6,268.0,0.0,2.0,Italian,2.0,112449
468,Cafe Tiramisu,San Francisco,4.7,1247.0,1.0,3.0,Italian,4.0,112449
469,bota tapas and paella bar,San Francisco,4.2,566.0,0.0,3.0,Tapas / Small Plates,5.0,112449
470,Fogo de Chao - San Francisco,San Francisco,4.3,1384.0,1.0,4.0,Brazilian Steakhouse,6.0,112449
471,Mastro's Steakhouse - San Francisco,San Francisco,4.5,584.0,0.0,4.0,Steak,7.0,112449
472,Otoro Sushi,San Francisco,4.7,703.0,0.0,2.0,Japanese,8.0,112449
473,Montesacro SF,San Francisco,4.8,1343.0,0.0,2.0,Pizzeria,9.0,112449
474,54 Mint,San Francisco,4.6,2295.0,0.0,3.0,Italian,10.0,112449
475,Palette,San Francisco,4.6,139.0,0.0,3.0,Contemporary American,11.0,112449
476,Historic John's Grill,San Francisco,4.7,5531.0,0.0,3.0,American,12.0,112449
477,Doppio Zero - San Francisco,San Francisco,4.4,59.0,0.0,2.0,Italian,13.0,112449
478,Nakama Sushi - San Francisco,San Francisco,4.6,108.0,0.0,3.0,Sushi,14.0,112449
479,Harris',San Francisco,4.8,4070.0,0.0,4.0,Steakhouse,15.0,112449
480,Wayfare Tavern,San Francisco,4.6,6155.0,0.0,2.0,American,16.0,112449
481,Zingari Ristorante & Jazz Bar,San Francisco,4.0,2155.0,0.0,4.0,Italian,17.0,112449
482,Morton's The Steakhouse - San Francisco,San Francisco,4.3,3330.0,0.0,2.0,Steakhouse,18.0,112449
483,Sushi Shio,San Francisco,4.8,91.0,0.0,4.0,Japanese,20.0,112449
484,Chouquet's,San Francisco,4.6,1191.0,0.0,2.0,French,21.0,112449
485,Ti Piacera,San Francisco,4.7,555.0,0.0,2.0,Italian,22.0,112449
486,Aliment,San Francisco,4.7,578.0,0.0,3.0,American,23.0,112449
487,Barnzu Korean Restaurant,San Francisco,4.5,88.0,0.0,3.0,Contemporary Korean,24.0,112449
488,Ristorante Milano,San Francisco,4.8,1644.0,0.0,3.0,Italian,25.0,112449
489,Florio,San Francisco,4.5,1347.0,0.0,2.0,French,26.0,112449
490,Cesario's,San Francisco,4.5,912.0,0.0,3.0,Italian,28.0,112449
491,"Benihana - San Francisco, CA",San Francisco,3.8,2168.0,0.0,2.0,Japanese,29.0,112449
492,Amarena,San Francisco,4.7,1022.0,0.0,3.0,Italian,30.0,112449
493,Starbelly,San Francisco,4.4,1078.0,0.0,2.0,Californian,31.0,112449
494,Amber India - San Francisco,San Francisco,4.5,2702.0,0.0,3.0,Indian,32.0,112449
495,The Fly Trap,San Francisco,4.7,1186.0,0.0,2.0,Contemporary American,33.0,112449
496,Bazille - Nordstrom San Francisco Centre,San Francisco,4.5,317.0,0.0,2.0,Contemporary American,35.0,112449
497,Fiorella Polk,San Francisco,4.7,185.0,0.0,2.0,Italian,36.0,112449
498,Canela Bistro & Wine Bar,San Francisco,4.6,1121.0,0.0,3.0,Spanish,38.0,112449
499,Pa'ina Restaurant and Bar,San Francisco,4.3,111.0,0.0,2.0,Hawaiian,39.0,112449
500,Frascati,San Francisco,4.9,2009.0,0.0,3.0,Italian,40.0,112449
501,Il Borgo,San Francisco,4.7,497.0,0.0,2.0,Italian,41.0,112449
502,Cafe de la Presse,San Francisco,4.6,1666.0,0.0,2.0,French,42.0,112449
503,Uva Enoteca,San Francisco,4.5,777.0,0.0,2.0,Italian,43.0,112449
504,Khamsa Restaurant,San Francisco,4.6,244.0,0.0,2.0,Moroccan,44.0,112449
505,Palm House,San Francisco,4.6,339.0,0.0,2.0,Caribbean,45.0,112449
506,Willkommen,San Francisco,4.6,80.0,0.0,2.0,Beer Garden,46.0,112449
507,Basil Canteen @ 11th Street,San Francisco,4.7,415.0,0.0,2.0,Thai,47.0,112449
508,BIX,San Francisco,4.8,3867.0,0.0,3.0,American,48.0,112449
509,Pane e Vino Trattoria,San Francisco,4.8,699.0,0.0,3.0,Italian,49.0,112449
510,Pabu Izakaya San Francisco,San Francisco,4.7,1170.0,0.0,3.0,Japanese,50.0,112449
511,Rose's Cafe,San Francisco,4.8,414.0,0.0,2.0,Californian,51.0,112449
512,B44,San Francisco,4.7,1803.0,0.0,2.0,Spanish,53.0,112449
513,Curbside Cafe,San Francisco,4.4,624.0,0.0,2.0,French,54.0,112449
514,E&O Kitchen and Bar,San Francisco,4.2,2763.0,0.0,2.0,Asian,55.0,112449
515,Barcha,San Francisco,4.8,871.0,0.0,3.0,Mediterranean,56.0,112449
516,Mela Tandoori Kitchen,San Francisco,4.5,451.0,0.0,2.0,Indian,57.0,112449
517,Chambers Eat + Drink,San Francisco,4.4,523.0,0.0,2.0,Californian,58.0,112449
518,Charmaine's Rooftop Lounge,San Francisco,4.6,501.0,0.0,3.0,Californian,61.0,112449
519,House of Prime Rib,San Francisco,4.9,11620.0,0.0,4.0,Steak,62.0,112449
520,Absinthe Brasserie and Bar - SF,San Francisco,4.6,6458.0,0.0,3.0,French,63.0,112449
521,Mr. Tipple's Recording Studio,San Francisco,4.8,140.0,0.0,2.0,Cocktail Bar,64.0,112449
522,State Bird Provisions,San Francisco,4.8,1733.0,0.0,4.0,Californian,65.0,112449
523,Miller's  Rest,San Francisco,4.7,57.0,0.0,2.0,American,66.0,112449
524,Zuni Cafe,San Francisco,4.8,6698.0,0.0,3.0,Modern European,67.0,112449
525,The Anchovy Bar,San Francisco,4.8,131.0,0.0,4.0,Oyster Bar,68.0,112449
526,Villon,San Francisco,4.5,628.0,0.0,3.0,Californian,69.0,112449
527,Mathilde French Bistro,San Francisco,4.8,2025.0,0.0,4.0,French,70.0,112449
528,The Tailor's Son,San Francisco,4.6,81.0,0.0,2.0,Italian,71.0,112449
529,Osso Steakhouse,San Francisco,4.7,1842.0,0.0,3.0,Steakhouse,72.0,112449
530,Bellota,San Francisco,4.7,1193.0,0.0,3.0,Spanish,73.0,112449
531,Alamo Square Seafood Grill,San Francisco,4.8,1479.0,0.0,2.0,Seafood,74.0,112449
532,Cocotte,San Francisco,4.5,1034.0,0.0,2.0,French,75.0,112449
533,Le Colonial - SF,San Francisco,4.2,3377.0,0.0,3.0,Vietnamese,76.0,112449
534,Che Fico Alimentari,San Francisco,4.6,218.0,0.0,2.0,Italian,77.0,112449
535,Sushi Ondo,San Francisco,4.6,92.0,0.0,4.0,Japanese,78.0,112449
536,Gardenias,San Francisco,4.6,613.0,0.0,2.0,American,79.0,112449
537,Trestle,San Francisco,4.8,1630.0,0.0,2.0,American,80.0,112449
538,Nopa - San Francisco,San Francisco,4.8,2609.0,0.0,2.0,Californian,82.0,112449
539,Perbacco,San Francisco,4.8,6297.0,0.0,2.0,Italian,83.0,112449
540,Dirty Habit,San Francisco,4.7,591.0,0.0,3.0,Californian,84.0,112449
541,ANZU,San Francisco,4.5,2342.0,0.0,3.0,Californian,85.0,112449
542,Serafina SF,San Francisco,4.8,69.0,0.0,3.0,Italian,86.0,112449
543,The Vault Garden,San Francisco,4.3,429.0,0.0,3.0,Californian,87.0,112449
544,Bouche,San Francisco,4.7,1354.0,0.0,4.0,French,88.0,112449
545,L'Ardoise,San Francisco,4.8,2696.0,0.0,3.0,French,89.0,112449
546,Terzo,San Francisco,4.9,1684.0,0.0,3.0,Mediterranean,91.0,112449
547,Akiko's Restaurant & Sushi Bar,San Francisco,5.0,1310.0,0.0,4.0,Japanese,93.0,112449
548,Seven Hills,San Francisco,4.9,1595.0,0.0,3.0,Italian,94.0,112449
549,Colombini Italian Cafe & Bistro - Nob Hill Hotel,San Francisco,4.2,232.0,0.0,3.0,Italian,95.0,112449
550,Yank Sing - Stevenson Street,San Francisco,4.5,1309.0,0.0,2.0,Dim Sum,96.0,112449
551,The Matterhorn Restaurant and Bakery,San Francisco,4.8,123.0,0.0,2.0,Swiss,97.0,112449
552,Jackson Fillmore Trattoria,San Francisco,4.6,1082.0,0.0,3.0,Italian,98.0,112449
553,Alexander's Steakhouse - SF,San Francisco,4.6,2143.0,0.0,4.0,Steakhouse,99.0,112449
554,Jasper's Corner Tap and Kitchen,San Francisco,3.8,906.0,1.0,2.0,Gastro Pub,100.0,112449
555,Troya,San Francisco,4.8,405.0,0.0,2.0,Mediterranean,101.0,112449
556,SOMA Restaurant & Bar,San Francisco,4.4,117.0,0.0,2.0,Italian,102.0,112449
557,California Fish Market Restaurant,San Francisco,4.7,62.0,0.0,2.0,Italian,103.0,112449
558,Cafe Bastille,San Francisco,4.5,1121.0,0.0,2.0,French,104.0,112449
559,Gracias Madre - SF,San Francisco,4.4,1100.0,0.0,2.0,Mexican,105.0,112449
560,Hyde Street Seafood House & Raw Bar,San Francisco,4.0,717.0,0.0,2.0,Seafood,106.0,112449
561,Lao Table,San Francisco,4.5,237.0,0.0,2.0,Thai,107.0,112449
562,Thai Spice,San Francisco,4.4,97.0,0.0,2.0,Thai,108.0,112449
563,Acquolina,San Francisco,4.4,256.0,0.0,3.0,Italian,109.0,112449
564,New Delhi Restaurant,San Francisco,3.8,521.0,0.0,3.0,Indian,110.0,112449
565,Palio,San Francisco,4.8,1348.0,0.0,3.0,Italian,111.0,112449
566,Barbara Pinseria,San Francisco,4.6,51.0,0.0,2.0,Pizzeria,112.0,112449
567,International Smoke San Francisco,San Francisco,4.6,2473.0,0.0,2.0,American,113.0,112449
568,Local Kitchen & Wine Merchant,San Francisco,4.5,929.0,0.0,2.0,Contemporary American,116.0,112449
569,Dunya,San Francisco,4.4,65.0,0.0,2.0,Mediterranean,117.0,112449
570,The Barrel Room - San Francisco,San Francisco,4.5,239.0,0.0,3.0,International,118.0,112449
571,Krua Thai - San Francisco,San Francisco,4.3,138.0,0.0,2.0,Thai,119.0,112449
572,Cafe Zoetrope,San Francisco,4.5,172.0,0.0,2.0,Italian,120.0,112449
573,Dancing Yak,San Francisco,4.5,130.0,0.0,2.0,Nepalese,121.0,112449
574,Fish & Farm,San Francisco,3.7,1383.0,0.0,2.0,American,124.0,112449
575,Indian Oven,San Francisco,3.8,77.0,0.0,2.0,Indian,125.0,112449
576,The Rotunda at Neiman Marcus - San Francisco,San Francisco,4.4,4271.0,0.0,3.0,Contemporary American,126.0,112449
577,North India Restaurant,San Francisco,3.8,103.0,0.0,2.0,Indian,127.0,112449
578,Bobo's,San Francisco,4.6,2816.0,0.0,3.0,Steak,132.0,112449
579,Seven Stills Brewery & Distillery,San Francisco,4.6,90.0,0.0,2.0,Californian,133.0,112449
580,Abrazo,San Francisco,4.7,153.0,0.0,3.0,Spanish,134.0,112449
581,TamashiSoul Sushi Bar,San Francisco,4.6,117.0,0.0,3.0,Japanese,135.0,112449
582,Maruya,San Francisco,4.9,238.0,0.0,4.0,Japanese,136.0,112449
583,Tratto - San Francisco,San Francisco,4.2,755.0,0.0,2.0,Italian,138.0,112449
584,Ideale,San Francisco,4.4,1290.0,0.0,3.0,Italian,139.0,112449
585,Caffe Macaroni,San Francisco,4.9,539.0,0.0,2.0,Italian,140.0,112449
586,Baonecci Ristorante,San Francisco,4.7,751.0,0.0,3.0,Italian,141.0,112449
587,Z & Y Restaurant,San Francisco,4.5,204.0,0.0,2.0,Chinese,143.0,112449
588,FANG,San Francisco,4.8,1974.0,0.0,2.0,Chinese,145.0,112449
589,Laurel Court Restaurant & Bar - Fairmont San Francisco,San Francisco,4.3,1224.0,0.0,3.0,Californian,148.0,112449
590,Rooftop 25,San Francisco,4.0,1710.0,0.0,3.0,Contemporary American,150.0,112449
591,The Lobby Lounge at The Ritz-Carlton,San Francisco,3.9,55.0,0.0,3.0,Californian,151.0,112449
592,Luce - InterContinental San Francisco,San Francisco,4.2,1814.0,0.0,3.0,Contemporary American,152.0,112449
593,Spice of America,San Francisco,4.4,82.0,0.0,2.0,Indian,153.0,112449
594,Credo,San Francisco,4.2,1906.0,0.0,3.0,Italian,155.0,112449
595,Hashiri,San Francisco,4.7,186.0,0.0,4.0,Japanese,156.0,112449
596,Hayes Street Grill,San Francisco,4.2,2960.0,0.0,3.0,Seafood,158.0,112449
597,AsiaSF,San Francisco,4.5,1277.0,0.0,4.0,Asian,166.0,112449
598,Urban Tavern,San Francisco,3.8,1457.0,0.0,2.0,American,167.0,112449
599,Octavia,San Francisco,4.7,1619.0,0.0,3.0,Contemporary American,169.0,112449
600,L'Ottavo - San Francisco,San Francisco,4.2,537.0,0.0,3.0,Italian,172.0,112449
601,Level III,San Francisco,3.7,404.0,0.0,3.0,Californian,173.0,112449
602,Scala's Bistro,San Francisco,4.2,5397.0,0.0,2.0,Italian,174.0,112449
603,Co Nam - San Francisco,San Francisco,4.1,57.0,0.0,2.0,Vietnamese,176.0,112449
604,Izakaya Kou,San Francisco,4.3,279.0,0.0,3.0,Japanese,177.0,112449
605,The Progress,San Francisco,4.7,1450.0,0.0,3.0,Contemporary American,179.0,112449
606,Roxanne Cafe,San Francisco,3.9,106.0,0.0,2.0,Italian,181.0,112449
607,MKT Restaurant and Bar,San Francisco,4.5,1125.0,0.0,3.0,Seafood,182.0,112449
608,OneUP Restaurant & Lounge at Grand Hyatt San Francisco,San Francisco,4.0,105.0,0.0,3.0,American,183.0,112449
609,Sanraku Metreon,San Francisco,4.3,387.0,0.0,2.0,Sushi,185.0,112449
610,Commons Club,San Francisco,4.4,160.0,0.0,3.0,Californian,187.0,112449
611,Le Central,San Francisco,4.1,1716.0,0.0,2.0,French,188.0,112449
612,Grill at the St. Regis,San Francisco,4.5,151.0,0.0,3.0,Californian,189.0,112449
613,Cafe Claude,San Francisco,4.2,4230.0,0.0,2.0,French,190.0,112449
614,Aquitaine,San Francisco,4.4,204.0,0.0,2.0,French,192.0,112449
615,The Garden Court - Luxury Collection,San Francisco,4.2,1976.0,0.0,4.0,Californian,193.0,112449
616,Trace,San Francisco,4.1,1017.0,0.0,2.0,American,194.0,112449
617,Bar Crudo - Divisadero St,San Francisco,4.5,1232.0,0.0,3.0,Seafood,199.0,112449
618,Osha Thai 3rd Street,San Francisco,4.3,283.0,0.0,2.0,Thai,202.0,112449
619,Per Diem,San Francisco,4.3,967.0,0.0,2.0,Californian,203.0,112449
620,Wine Kitchen,San Francisco,4.4,55.0,0.0,2.0,American,204.0,112449
621,Marlowe,San Francisco,4.4,2692.0,0.0,2.0,American,210.0,112449
622,Begoni Bistro,San Francisco,4.0,91.0,0.0,2.0,Dim Sum,211.0,112449
623,Leo's Oyster Bar,San Francisco,4.6,644.0,0.0,3.0,Seafood,213.0,112449
624,Jai Yun,San Francisco,3.8,65.0,0.0,4.0,Chinese,217.0,112449
625,Perry's Union Street,San Francisco,4.6,413.0,0.0,2.0,American,218.0,112449
626,The Stinking Rose,San Francisco,4.1,6196.0,0.0,2.0,Italian,220.0,112449
627,Original U.S. Restaurant Unione Sportiva,San Francisco,4.4,219.0,0.0,2.0,Italian,224.0,112449
628,Park Grill - Le Meridien San Francisco,San Francisco,4.1,234.0,0.0,2.0,Contemporary American,225.0,112449
629,North Beach Restaurant,San Francisco,4.4,2756.0,0.0,3.0,Italian,227.0,112449
630,Trailblazer Tavern San Francisco,San Francisco,4.4,224.0,0.0,3.0,American,229.0,112449
631,Petit Marlowe,San Francisco,4.5,89.0,0.0,3.0,French,232.0,112449
632,Da Flora,San Francisco,4.7,158.0,0.0,4.0,Italian,233.0,112449
633,Original Joe's - San Francisco,San Francisco,4.5,3036.0,0.0,2.0,Italian,235.0,112449
634,Umami Burger - SOMA,San Francisco,3.9,123.0,0.0,2.0,Burgers,238.0,112449
635,Max's Opera Cafe,San Francisco,3.8,1417.0,0.0,2.0,American,242.0,112449
636,August (1) Five,San Francisco,4.4,1277.0,0.0,4.0,Indian,243.0,112449
637,Onsen,San Francisco,4.6,142.0,0.0,3.0,Japanese,265.0,112449
638,PLAJ,San Francisco,4.5,2173.0,0.0,3.0,Scandinavian,266.0,112449
639,ROOH San Francisco,San Francisco,4.6,871.0,0.0,3.0,Contemporary Indian,270.0,112449
640,District - San Francisco,San Francisco,4.7,196.0,0.0,3.0,Tapas / Small Plates,271.0,112449
641,YamaSho,San Francisco,3.9,129.0,0.0,2.0,Japanese,290.0,112449
642,Monsieur Benjamin,San Francisco,4.5,2227.0,0.0,4.0,French,291.0,112449
643,Bistro 10UN,San Francisco,4.4,165.0,0.0,2.0,American,293.0,112449
644,Cadillac Bar & Grill,San Francisco,4.1,465.0,0.0,2.0,Mexican,300.0,112449
645,Alta CA - Permanently Closed,San Francisco,4.2,631.0,0.0,2.0,American,302.0,112449
646,Nightbird,San Francisco,4.6,494.0,0.0,4.0,Californian,315.0,112449
647,Saha,San Francisco,4.6,77.0,0.0,2.0,Middle Eastern,325.0,112449
648,Minas Brazilian Restaurant,San Francisco,4.3,730.0,0.0,2.0,Brazilian,352.0,112449
649,Aicha,San Francisco,4.1,68.0,0.0,2.0,Moroccan,358.0,112449
650,Rich Table,San Francisco,4.7,1734.0,0.0,3.0,Californian,360.0,112449
651,Cafe Majestic,San Francisco,3.3,85.0,0.0,2.0,American,368.0,112449
652,Liholiho Yacht Club,San Francisco,4.8,78.0,0.0,4.0,Seafood,373.0,112449
653,Sauce: Gough,San Francisco,4.0,2356.0,0.0,2.0,American,375.0,112449
654,Velvet Room,San Francisco,3.7,383.0,0.0,3.0,Californian,383.0,112449
655,FarmerBrown,San Francisco,3.9,2646.0,0.0,2.0,Southern,384.0,112449
656,Kin Khao,San Francisco,4.3,558.0,0.0,2.0,Thai,407.0,112449
657,Colibri - Mexican Bistro,San Francisco,4.1,2929.0,0.0,2.0,Mexican / Southwestern,408.0,112449
658,Espetus Churrascaria - San Francisco,San Francisco,4.3,2094.0,0.0,4.0,Brazilian Steakhouse,414.0,112449
659,Ayala,San Francisco,4.3,117.0,0.0,3.0,Californian,446.0,112449
660,Leatherneck Steakhouse,San Francisco,4.4,932.0,0.0,3.0,Steakhouse,457.0,112449
661,Acquerello,San Francisco,4.7,2434.0,0.0,4.0,Italian,464.0,112449
662,Triptych - Permanently Closed,San Francisco,3.7,843.0,0.0,2.0,American,476.0,112449
663,Rocco's Cafe,San Francisco,4.2,718.0,0.0,2.0,Italian,478.0,112449
664,El Capitan - Permanently Closed,San Francisco,4.1,239.0,0.0,2.0,Tapas / Small Plates,480.0,112449
665,1601 Bar & Kitchen,San Francisco,4.5,347.0,0.0,3.0,Sri Lankan,485.0,112449
666,Fondue Cowboy,San Francisco,4.3,326.0,0.0,3.0,Fondue,486.0,112449
667,Cupola Pizzeria - Permanently Closed,San Francisco,3.8,546.0,0.0,2.0,Italian,490.0,112449
668,BOURBON STEAK San Francisco - Permanently Closed,San Francisco,4.2,1524.0,0.0,3.0,Steakhouse,494.0,112449
669,Sears Fine Food,San Francisco,3.9,214.0,0.0,2.0,American,509.0,112449
670,Izakaya Roku,San Francisco,4.4,77.0,0.0,2.0,Japanese,510.0,112449
671,Amelie,San Francisco,4.5,138.0,0.0,2.0,Wine Bar,521.0,112449
672,Sons & Daughters,San Francisco,4.6,1405.0,0.0,4.0,Contemporary American,525.0,112449
673,The Keystone,San Francisco,4.2,119.0,0.0,3.0,American,529.0,112449
674,Top of the Mark,San Francisco,4.2,829.0,0.0,3.0,Californian,533.0,112449
675,Tawla SF,San Francisco,4.3,95.0,0.0,3.0,Mediterranean,539.0,112449
676,All Spice - San Francisco - Permanently Closed,San Francisco,4.3,65.0,0.0,4.0,Contemporary American,540.0,112449
677,Tropisueño,San Francisco,4.0,635.0,0.0,2.0,Mexican,550.0,112449
678,Samovar Tea Lounge - Yerba Buena Gardens,San Francisco,4.1,100.0,0.0,2.0,International,566.0,112449
679,Hops & Hominy,San Francisco,4.3,1200.0,0.0,2.0,Southern,568.0,112449
680,Nihon Whisky Lounge,San Francisco,4.1,392.0,0.0,4.0,Japanese,572.0,112449
681,Zero Zero,San Francisco,4.3,1477.0,0.0,2.0,Italian,577.0,112449
682,MaSo,San Francisco,3.5,177.0,0.0,3.0,Californian,580.0,112449
683,Mikaku Restaurant,San Francisco,4.0,178.0,0.0,2.0,Japanese,582.0,112449
684,Fresca - Fillmore,San Francisco,3.9,1032.0,0.0,2.0,Peruvian,588.0,112449
685,Parallel 37,San Francisco,4.4,752.0,0.0,3.0,American,593.0,112449
686,Lord Stanley,San Francisco,4.2,85.0,0.0,3.0,Contemporary European,597.0,112449
687,Ame - Permanently Closed,San Francisco,4.2,1150.0,0.0,4.0,Contemporary American,606.0,112449
688,Sam’s Grill & Seafood Restaurant,San Francisco,4.4,594.0,0.0,3.0,Seafood,632.0,112449
689,Mister Jiu's,San Francisco,4.5,133.0,0.0,4.0,Chinese,651.0,112449
690,Altovino,San Francisco,4.7,440.0,0.0,3.0,Italian,665.0,112449
691,Thirsty Bear,San Francisco,3.9,803.0,0.0,2.0,Spanish,675.0,112449
692,Mourad,San Francisco,4.7,2143.0,0.0,4.0,Californian,681.0,112449
693,Tsunami - Panhandle,San Francisco,4.3,453.0,0.0,2.0,Sushi,683.0,112449
694,Benu,San Francisco,4.7,1609.0,0.0,4.0,Contemporary American,697.0,112449
695,Ju-Ni,San Francisco,4.8,60.0,0.0,4.0,Sushi,699.0,112449
696,Helmand Palace,San Francisco,4.2,140.0,0.0,3.0,Afghan,733.0,112449
697,Reverb Kitchen & Bar - Permanently Closed,San Francisco,4.0,82.0,0.0,2.0,Californian,735.0,112449
698,Omakase,San Francisco,4.7,378.0,0.0,4.0,Japanese,737.0,112449
699,Saffron 685 Mediterranean Turkish Cuisine,San Francisco,4.4,97.0,0.0,2.0,Mediterranean,743.0,112449
700,Jersey Restaurant,San Francisco,4.5,174.0,0.0,2.0,Italian,759.0,112449
701,Mangia Tutti,San Francisco,3.9,293.0,0.0,2.0,Italian,804.0,112449
702,Alfred's Steakhouse,San Francisco,4.1,445.0,0.0,3.0,Steakhouse,805.0,112449
703,Fringale,San Francisco,4.3,2353.0,0.0,3.0,French,810.0,112449
704,750 Restaurant & Bar,San Francisco,3.7,193.0,0.0,2.0,American,820.0,112449
705,Mona Lisa,San Francisco,4.1,159.0,0.0,2.0,Italian,854.0,112449
706,Capo's Chicago Pizza & Fine Italian Dinners,San Francisco,4.5,389.0,0.0,2.0,Italian,863.0,112449
707,Bask,San Francisco,4.1,385.0,0.0,2.0,Basque,865.0,112449
708,Eight Tables by George Chen,San Francisco,4.8,200.0,0.0,4.0,Chinese,867.0,112449
709,Gap Year at Nico,San Francisco,4.5,670.0,0.0,4.0,Modern European,871.0,112449
710,Peña Pachamama,San Francisco,3.7,304.0,0.0,2.0,Vegetarian / Vegan,889.0,112449
711,Flores - Union Street,San Francisco,4.6,530.0,0.0,3.0,Mexican,890.0,112449
712,Trattoria Contadina,San Francisco,4.4,2643.0,0.0,2.0,Italian,896.0,112449
713,Mangia Tutti,San Francisco,3.9,293.0,0.0,2.0,Italian,936.0,112449
714,Alfred's Steakhouse,San Francisco,4.1,445.0,0.0,3.0,Steakhouse,937.0,112449
715,Fringale,San Francisco,4.3,2353.0,0.0,3.0,French,942.0,112449
716,750 Restaurant & Bar,San Francisco,3.7,193.0,0.0,2.0,American,952.0,112449
717,Mona Lisa,San Francisco,4.1,159.0,0.0,2.0,Italian,986.0,112449
718,Capo's Chicago Pizza & Fine Italian Dinners,San Francisco,4.5,389.0,0.0,2.0,Italian,995.0,112449
719,Bask,San Francisco,4.1,385.0,0.0,2.0,Basque,997.0,112449
720,Eight Tables by George Chen,San Francisco,4.8,200.0,0.0,4.0,Chinese,999.0,112449
721,Chou Chou Bistro,San Francisco,4.5,2202.0,1.0,2.0,French,1000.0,112449
722,La Mar Cebicheria Peruana,San Francisco,4.7,6169.0,0.0,3.0,Peruvian,1001.0,112449
723,Waterbar,San Francisco,4.7,8402.0,0.0,3.0,Seafood,1002.0,112449
724,EPIC Steak,San Francisco,4.6,6035.0,0.0,4.0,Steakhouse,1003.0,112449
725,Izzy's Steaks & Chops - San Francisco,San Francisco,4.6,758.0,0.0,3.0,Steakhouse,1004.0,112449
726,COQUETA - San Francisco,San Francisco,4.7,2323.0,0.0,4.0,Spanish,1005.0,112449
727,Fable - SF,San Francisco,4.7,1211.0,0.0,2.0,Californian,1006.0,112449
728,Ozumo - San Francisco,San Francisco,4.7,2908.0,0.0,4.0,Japanese,1007.0,112449
729,Catch - San Francisco,San Francisco,4.6,3024.0,0.0,3.0,Seafood,1008.0,112449
730,Poesia,San Francisco,4.7,1993.0,0.0,3.0,Italian,1009.0,112449
731,The Dorian,San Francisco,4.5,350.0,0.0,2.0,American,1010.0,112449
732,Harborview Restaurant & Bar,San Francisco,4.6,321.0,0.0,3.0,Chinese,1011.0,112449
733,Perry's - Embarcadero,San Francisco,4.6,1819.0,0.0,2.0,American,1012.0,112449
734,Mochica,San Francisco,4.6,1226.0,0.0,3.0,Peruvian,1013.0,112449
735,A16 - San Francisco,San Francisco,4.7,4437.0,0.0,3.0,Italian,1014.0,112449
736,Ace Wasabi Rock-N-Roll Sushi,San Francisco,4.8,106.0,0.0,2.0,Sushi,1015.0,112449
737,The Patio,San Francisco,4.6,119.0,0.0,3.0,Contemporary American,1016.0,112449
738,McCormick & Kuleto's Seafood Restaurant,San Francisco,4.4,4927.0,0.0,2.0,Seafood,1017.0,112449
739,Tuba Restaurant,San Francisco,4.7,952.0,0.0,3.0,Turkish,1018.0,112449
740,Urban Putt San Francisco,San Francisco,4.8,453.0,0.0,2.0,American,1019.0,112449
741,Magic Flute,San Francisco,4.7,1299.0,0.0,2.0,Italian,1020.0,112449
742,Paprika,San Francisco,4.8,112.0,0.0,2.0,Hungarian,1021.0,112449
743,Fior D'Italia,San Francisco,4.7,1133.0,0.0,3.0,Italian,1022.0,112449
744,Osha Thai Embarcadero,San Francisco,4.6,80.0,0.0,2.0,Thai,1023.0,112449
745,Sessions at the Presidio,San Francisco,4.5,1164.0,0.0,2.0,Californian,1024.0,112449
746,Bella Trattoria,San Francisco,4.7,1841.0,0.0,2.0,Italian,1025.0,112449
747,Cento Osteria,San Francisco,4.7,245.0,0.0,2.0,Italian,1026.0,112449
748,NOVY,San Francisco,4.7,285.0,0.0,2.0,Greek,1027.0,112449
749,Franciscan Crab Restaurant,San Francisco,4.1,3117.0,0.0,2.0,Seafood,1029.0,112449
750,Caffe Fiore - San Francisco,San Francisco,4.7,283.0,0.0,2.0,Italian,1031.0,112449
751,Pacific Catch - Sunset District,San Francisco,4.6,1556.0,0.0,2.0,Seafood,1032.0,112449
752,Lupa Trattoria,San Francisco,4.8,780.0,0.0,2.0,Italian,1033.0,112449
753,Hard Rock Cafe - San Francisco,San Francisco,4.1,463.0,0.0,2.0,American,1034.0,112449
754,Blind Butcher,San Francisco,4.2,118.0,0.0,3.0,Californian,1038.0,112449
755,Lokma,San Francisco,4.8,266.0,0.0,2.0,Turkish,1039.0,112449
756,Piqueos,San Francisco,4.7,1046.0,0.0,2.0,Tapas / Small Plates,1040.0,112449
757,Bambino's Ristorante,San Francisco,4.4,549.0,0.0,2.0,Italian,1042.0,112449
758,Fiorella Clement,San Francisco,4.7,817.0,0.0,2.0,Italian,1043.0,112449
759,Violet’s,San Francisco,4.5,297.0,0.0,3.0,American,1044.0,112449
760,Magnolia Brewing – Dogpatch,San Francisco,4.8,69.0,0.0,2.0,Contemporary Mexican,1047.0,112449
761,Spiazzo Ristorante,San Francisco,4.4,951.0,0.0,2.0,Italian,1048.0,112449
762,Red Tavern,San Francisco,4.4,168.0,0.0,2.0,Russian,1052.0,112449
763,Manzoni,San Francisco,4.5,356.0,0.0,3.0,Italian,1053.0,112449
764,Kokkari Estiatorio,San Francisco,4.9,7003.0,0.0,3.0,Mediterranean,1055.0,112449
765,Foreign Cinema,San Francisco,4.8,7452.0,0.0,3.0,Californian,1056.0,112449
766,Spruce,San Francisco,4.8,3913.0,0.0,3.0,Contemporary American,1057.0,112449
767,Greens Restaurant,San Francisco,4.7,9732.0,0.0,3.0,Vegetarian / Vegan,1058.0,112449
768,Lolinda,San Francisco,4.8,2155.0,0.0,2.0,Argentinean,1059.0,112449
769,Isa,San Francisco,4.6,2585.0,0.0,2.0,French American,1060.0,112449
770,Sociale - San Francisco,San Francisco,4.8,1975.0,0.0,3.0,Italian,1061.0,112449
771,Presidio Social Club,San Francisco,4.6,3750.0,0.0,3.0,American,1062.0,112449
772,Alegrias Food from Spain,San Francisco,4.8,834.0,0.0,2.0,Tapas / Small Plates,1063.0,112449
773,Yank Sing - Rincon Center,San Francisco,4.0,2127.0,0.0,3.0,Dim Sum,1064.0,112449
774,Garibaldi's on Presidio,San Francisco,4.6,1996.0,0.0,3.0,Californian,1065.0,112449
775,Sushi Hon,San Francisco,4.8,268.0,0.0,4.0,Sushi,1066.0,112449
776,One Market Restaurant,San Francisco,4.6,4283.0,0.0,3.0,Contemporary American,1068.0,112449
777,Sasaki,San Francisco,4.7,136.0,0.0,4.0,Japanese,1069.0,112449
778,Chapeau,San Francisco,4.6,3137.0,0.0,4.0,French,1070.0,112449
779,Fog Harbor Fish House,San Francisco,4.7,2236.0,0.0,3.0,Seafood,1071.0,112449
780,La Ciccia,San Francisco,4.8,2508.0,0.0,2.0,Italian,1073.0,112449
781,Firefly Restaurant,San Francisco,4.9,2284.0,0.0,3.0,American,1075.0,112449
782,Kitchen Istanbul,San Francisco,4.9,925.0,0.0,2.0,Turkish,1076.0,112449
783,The Waterfront Restaurant and Cafe,San Francisco,4.4,3102.0,0.0,3.0,Californian,1077.0,112449
784,Chili House,San Francisco,4.3,214.0,0.0,2.0,Chinese,1082.0,112449
785,Gilberth's Latin Fusion,San Francisco,4.2,172.0,0.0,2.0,Latin American,1084.0,112449
786,Gold Mirror Italian Restaurant,San Francisco,4.8,760.0,0.0,3.0,Italian,1085.0,112449
787,Camp BBQ,San Francisco,4.2,63.0,0.0,2.0,Japanese,1086.0,112449
788,Jannah / Yaya Cuisine,San Francisco,4.4,163.0,0.0,2.0,Iraqi,1090.0,112449
789,Farmhouse Kitchen Thai Cuisine,San Francisco,4.6,159.0,0.0,3.0,Thai,1092.0,112449
790,Sens Restaurant,San Francisco,4.2,1197.0,0.0,3.0,Mediterranean,1094.0,112449
791,Prospect,San Francisco,4.4,2441.0,0.0,3.0,Contemporary American,1098.0,112449
792,Boulevard,San Francisco,4.6,8264.0,0.0,4.0,American,1099.0,112449
793,Roti Indian Bistro - San Francisco,San Francisco,4.3,1228.0,0.0,2.0,Indian,1100.0,112449
794,India Clay Oven Restaurant and Bar - Richmond District,San Francisco,3.8,61.0,0.0,2.0,Indian,1101.0,112449
795,Clay Oven Indian Restaurant - West Portal,San Francisco,4.0,89.0,0.0,2.0,Indian,1102.0,112449
796,Naked Fish,San Francisco,4.1,52.0,0.0,2.0,Japanese,1103.0,112449
797,The Tipsy Pig,San Francisco,4.2,883.0,0.0,2.0,Gastro Pub,1104.0,112449
798,Cioppino's,San Francisco,4.1,1032.0,0.0,2.0,Seafood,1108.0,112449
799,Bistro Boudin,San Francisco,4.1,1637.0,0.0,2.0,American,1109.0,112449
800,Players Sports Grill & Arcade,San Francisco,3.9,113.0,0.0,2.0,Contemporary American,1111.0,112449
801,Villa D'Este,San Francisco,3.9,222.0,0.0,2.0,Italian,1112.0,112449
802,Wise Sons Jewish Delicatessen,San Francisco,4.0,57.0,0.0,2.0,Comfort Food,1113.0,112449
803,STEM Kitchen & Garden,San Francisco,4.3,146.0,0.0,3.0,Californian,1114.0,112449
804,Chart House Restaurant - San Francisco,San Francisco,4.1,920.0,0.0,3.0,Seafood,1116.0,112449
805,Cafe Europa,San Francisco,4.4,123.0,0.0,2.0,Eastern European,1119.0,112449
806,Heritage Restaurant Bar,San Francisco,4.5,85.0,0.0,2.0,American,1120.0,112449
807,The Old Clam House,San Francisco,4.2,808.0,0.0,2.0,Seafood,1123.0,112449
808,Le P'tit Laurent,San Francisco,4.4,1446.0,0.0,2.0,French,1127.0,112449
809,Orexi,San Francisco,4.6,425.0,0.0,2.0,Greek,1128.0,112449
810,PRAIRIE,San Francisco,4.5,277.0,0.0,3.0,Grill,1134.0,112449
811,The MINA Test Kitchen – San Francisco - Permanently Closed,San Francisco,4.6,189.0,0.0,2.0,American,1138.0,112449
812,Stone Korean Kitchen,San Francisco,3.9,122.0,0.0,2.0,Asian,1168.0,112449
813,MoMo's,San Francisco,4.0,1427.0,0.0,2.0,American,1174.0,112449
814,Albona Ristorante Istriano,San Francisco,4.4,1062.0,0.0,3.0,European,1183.0,112449
815,Blowfish Sushi - SF,San Francisco,4.2,1007.0,0.0,3.0,Japanese,1186.0,112449
816,Flour + Water,San Francisco,4.5,2031.0,0.0,2.0,Italian,1194.0,112449
817,Piperade,San Francisco,4.2,679.0,0.0,3.0,Basque,1196.0,112449
818,Central Kitchen,San Francisco,4.5,1302.0,0.0,3.0,Contemporary American,1198.0,112449
819,Angler San Francisco,San Francisco,4.5,717.0,0.0,4.0,American,1223.0,112449
820,Caputo - Permanently Closed,San Francisco,4.1,63.0,0.0,2.0,Italian,1228.0,112449
821,San Francisco Brewing Co.,San Francisco,4.2,51.0,0.0,2.0,American,1232.0,112449
822,Lolo,San Francisco,4.3,381.0,0.0,4.0,Mexican,1233.0,112449
823,Blackwood,San Francisco,4.1,122.0,0.0,2.0,Thai,1240.0,112449
824,Heirloom Cafe,San Francisco,4.7,1098.0,0.0,2.0,Californian,1247.0,112449
825,Hornblower Cruises & Events,San Francisco,3.6,57.0,0.0,4.0,Californian,1254.0,112449
826,Pescatore,San Francisco,4.0,580.0,0.0,2.0,Italian,1256.0,112449
827,Maybeck's,San Francisco,4.5,648.0,0.0,2.0,American,1261.0,112449
828,Il Fornaio - San Francisco,San Francisco,4.0,1649.0,0.0,2.0,Italian,1262.0,112449
829,Surisan,San Francisco,4.5,165.0,0.0,2.0,Korean,1266.0,112449
830,Aslam's Rasoi,San Francisco,4.3,182.0,0.0,2.0,Indian,1271.0,112449
831,Cultivar San Francisco,San Francisco,4.7,61.0,0.0,2.0,Californian,1278.0,112449
832,FOG CITY,San Francisco,4.1,923.0,0.0,3.0,American,1279.0,112449
833,Causwells,San Francisco,4.6,324.0,0.0,2.0,American,1280.0,112449
834,Blue Mermaid - Argonaut Hotel,San Francisco,3.9,417.0,0.0,2.0,Seafood,1286.0,112449
835,Capurro's,San Francisco,3.8,338.0,0.0,2.0,Seafood,1288.0,112449
836,ATwater Tavern,San Francisco,4.2,122.0,0.0,2.0,American,1293.0,112449
837,Hoffmann's Grill & Rotisserie,San Francisco,4.5,164.0,0.0,2.0,Californian,1309.0,112449
838,Radhaus,San Francisco,4.4,190.0,0.0,2.0,Bavarian,1313.0,112449
839,Scoma's Fisherman's Wharf,San Francisco,4.4,2609.0,0.0,3.0,Seafood,1316.0,112449
840,Alioto's,San Francisco,4.2,2749.0,0.0,3.0,Seafood,1320.0,112449
841,Crab House at Pier 39,San Francisco,4.2,2099.0,0.0,2.0,Seafood,1322.0,112449
842,The Alembic,San Francisco,4.5,56.0,0.0,3.0,American,1323.0,112449
843,Pier Market Seafood Restaurant - Pier 39 SF,San Francisco,4.0,370.0,0.0,2.0,Seafood,1333.0,112449
844,Padrecito,San Francisco,4.5,535.0,0.0,2.0,Mexican,1342.0,112449
845,Zazie,San Francisco,4.6,1275.0,0.0,2.0,French,1345.0,112449
846,Son's Addition,San Francisco,4.6,402.0,0.0,2.0,Fusion / Eclectic,1348.0,112449
847,Ritu Indian Soul Food,San Francisco,4.3,54.0,0.0,2.0,Indian,1354.0,112449
848,Sous Beurre Kitchen - Permanently Closed,San Francisco,4.1,50.0,0.0,2.0,French,1362.0,112449
849,Hana Zen Sushi Bar - Pier 39,San Francisco,3.6,155.0,0.0,2.0,Japanese,1365.0,112449
850,Mission Rock Resort,San Francisco,4.0,419.0,0.0,4.0,Seafood,1367.0,112449
851,Fresca - 24th Street,San Francisco,3.9,786.0,0.0,2.0,Peruvian,1378.0,112449
852,B Star Bar,San Francisco,4.2,364.0,0.0,2.0,Asian,1390.0,112449
853,Contigo - San Francisco,San Francisco,4.4,1129.0,0.0,2.0,Tapas / Small Plates,1399.0,112449
854,Presidio Cafe - Presidio Golf Course,San Francisco,3.9,307.0,0.0,2.0,American,1400.0,112449
855,Bacco Ristorante,San Francisco,4.3,1098.0,0.0,3.0,Italian,1401.0,112449
856,The Palace,San Francisco,4.3,59.0,0.0,3.0,Californian,1402.0,112449
857,Piccino,San Francisco,4.6,1311.0,0.0,2.0,Californian,1404.0,112449
858,Yuubi Japanese Restaurant,San Francisco,4.2,94.0,0.0,2.0,Japanese,1430.0,112449
859,SakeSan,San Francisco,4.0,54.0,0.0,3.0,Japanese,1449.0,112449
860,The Richmond,San Francisco,4.5,1367.0,0.0,4.0,Contemporary American,1450.0,112449
861,The Front Porch - San Francisco,San Francisco,4.1,477.0,0.0,3.0,Creole / Cajun / Southern,1464.0,112449
862,ICHI Sushi,San Francisco,4.5,416.0,0.0,4.0,Japanese,1475.0,112449
863,Fresca at Irving Street,San Francisco,4.1,576.0,0.0,2.0,Peruvian,1513.0,112449
864,Craw Station,San Francisco,4.0,104.0,0.0,2.0,Seafood,1518.0,112449
865,3rd Cousin,San Francisco,4.6,539.0,0.0,3.0,Californian,1536.0,112449
866,Red Hill Station - Permanently Closed,San Francisco,4.4,117.0,0.0,2.0,Seafood,1537.0,112449
867,Aziza,San Francisco,4.3,3183.0,0.0,3.0,Californian,1578.0,112449
868,Radio Africa Kitchen,San Francisco,4.3,134.0,0.0,2.0,Mediterranean,1600.0,112449
869,El Mansour,San Francisco,4.3,470.0,0.0,2.0,Moroccan,1674.0,112449
870,Cassava,San Francisco,4.5,208.0,0.0,3.0,Californian,1700.0,112449
871,Outerlands,San Francisco,4.5,427.0,0.0,3.0,Organic,1767.0,112449
872,Beach Chalet Brewery & Restaurant,San Francisco,3.7,2295.0,0.0,2.0,American,1778.0,112449
873,Park Chalet,San Francisco,3.4,486.0,0.0,2.0,Californian,1779.0,112449
874,Mezcal,San Jose,4.6,556.0,0.0,2.0,Regional Mexican,1.0,109593
875,Fogo de Chao - San Jose,San Jose,4.2,2373.0,1.0,3.0,Brazilian Steakhouse,2.0,109593
876,Morton's The Steakhouse - San Jose,San Jose,4.6,2714.0,0.0,2.0,Steakhouse,3.0,109593
877,The Farmers Union,San Jose,4.4,1264.0,0.0,2.0,Contemporary American,4.0,109593
878,The Grill on the Alley - San Jose,San Jose,4.6,1549.0,0.0,4.0,Steak,5.0,109593
879,Scott's Seafood - San Jose,San Jose,4.4,2266.0,0.0,3.0,Seafood,6.0,109593
880,Taurinus Brazilian Steakhouse,San Jose,4.2,490.0,0.0,3.0,Brazilian Steakhouse,7.0,109593
881,Teske's Germania Restaurant,San Jose,4.8,1130.0,0.0,2.0,German,9.0,109593
882,Il Fornaio - San Jose,San Jose,4.6,3803.0,0.0,2.0,Italian,10.0,109593
883,King's Fish House - San Jose,San Jose,4.5,609.0,0.0,2.0,American,11.0,109593
884,Opa! - Willow Glen,San Jose,4.3,187.0,0.0,2.0,Greek,12.0,109593
885,Vin Santo,San Jose,4.6,1245.0,0.0,2.0,Italian,13.0,109593
886,Willow Street Pizza & Taproom - San Jose,San Jose,4.7,139.0,0.0,2.0,American,14.0,109593
887,Left Bank Santana Row,San Jose,4.2,4159.0,0.0,2.0,French,15.0,109593
888,Sauced BBQ & Spirits - Santana Row,San Jose,4.5,335.0,0.0,2.0,Barbecue,16.0,109593
889,Vito's Trattoria,San Jose,4.7,461.0,0.0,3.0,Italian,17.0,109593
890,Dry Creek Grill,San Jose,4.3,3613.0,0.0,2.0,American,18.0,109593
891,Meso Modern Mediterranean,San Jose,4.4,278.0,0.0,2.0,Mediterranean,19.0,109593
892,Amber India - Santana Row,San Jose,4.0,1017.0,0.0,2.0,Indian,25.0,109593
893,Black Angus Steakhouse - Blossom Hill,San Jose,4.4,3015.0,0.0,2.0,Steakhouse,32.0,109593
894,Mextizo Restaurant & Cantina,San Jose,4.2,74.0,0.0,2.0,Mexican,38.0,109593
895,Faz - San Jose,San Jose,4.1,209.0,0.0,2.0,Mediterranean,46.0,109593
896,Tomatina - San Jose,San Jose,4.3,72.0,0.0,2.0,Italian,48.0,109593
897,The Table,San Jose,4.6,708.0,0.0,2.0,Contemporary American,51.0,109593
898,Nemea,San Jose,4.1,1149.0,0.0,3.0,Greek,53.0,109593
899,71 Saint Peter Restaurant,San Jose,4.3,713.0,0.0,2.0,Modern European,54.0,109593
900,Picasso's Tapas - San Jose,San Jose,4.1,52.0,0.0,2.0,Spanish,56.0,109593
901,Rookies Sports Lodge - Downtown,San Jose,4.2,51.0,0.0,2.0,Contemporary American,57.0,109593
902,Orchestria Palm Court,San Jose,4.8,315.0,0.0,3.0,Contemporary American,59.0,109593
903,Braise - San Jose,San Jose,4.6,155.0,0.0,2.0,Contemporary American,60.0,109593
904,LB Steak - Santana Row,San Jose,4.5,3191.0,0.0,3.0,American,61.0,109593
905,Oveja Negra,San Jose,4.3,333.0,0.0,2.0,Tapas / Small Plates,62.0,109593
906,Famous Dave's - San Jose,San Jose,3.9,51.0,0.0,2.0,American,68.0,109593
907,Rosie McCann's - Santana Row,San Jose,4.0,414.0,0.0,3.0,Irish,70.0,109593
908,Bazille - Nordstrom Valley Fair,San Jose,4.4,190.0,0.0,2.0,Contemporary American,71.0,109593
909,MIZU Sushi Bar & Grill - San Jose,San Jose,4.3,779.0,0.0,2.0,Japanese,73.0,109593
910,Grand View,San Jose,4.4,1079.0,0.0,3.0,Steakhouse,84.0,109593
911,District - San Jose,San Jose,4.5,205.0,0.0,2.0,Tapas / Small Plates,101.0,109593
912,Olla Cocina,San Jose,4.4,319.0,0.0,2.0,Contemporary Mexican,119.0,109593
913,Firehouse No. 1 Gastropub,San Jose,4.3,488.0,0.0,2.0,American,130.0,109593
914,Market Street – San Jose,San Jose,4.1,1527.0,0.0,3.0,Breakfast,142.0,109593
915,Zona Rosa,San Jose,4.3,423.0,0.0,2.0,Mexican,215.0,109593
916,Habana Cuba,San Jose,4.1,427.0,0.0,3.0,Cuban,217.0,109593
917,Black Sheep Brasserie,San Jose,4.5,1162.0,0.0,3.0,Contemporary French / American,276.0,109593
918,Siena Bistro,San Jose,4.3,683.0,0.0,2.0,Italian,304.0,109593
919,Spencer's,San Jose,4.0,926.0,0.0,3.0,Steakhouse,377.0,109593
920,Straits Restaurant - Santana Row,San Jose,3.9,1731.0,0.0,2.0,Asian,392.0,109593
921,VILLAGE California Bistro & Wine Bar,San Jose,4.0,1475.0,0.0,2.0,Californian,397.0,109593
922,Ozumo - San Jose,San Jose,4.0,161.0,0.0,3.0,Japanese,400.0,109593
923,Maggiano's - San Jose,San Jose,4.2,6889.0,0.0,2.0,Italian,403.0,109593
924,White Shallot,San Jose,4.0,312.0,0.0,2.0,French,413.0,109593
925,Le Papillon,San Jose,4.6,590.0,0.0,3.0,French,565.0,109593
926,Ziba Restaurant,San Jose,4.2,96.0,0.0,2.0,Middle Eastern,686.0,109593
927,The Blue Door,San Jose,4.2,266.0,0.0,2.0,Mediterranean,765.0,109593
928,La Foret,San Jose,4.7,701.0,0.0,4.0,French,1025.0,109593
929,Paradiso - San Leandro,San Leandro,4.8,183.0,0.0,2.0,Italian,10.0,78003
930,Top Hatters Kitchen & Bar,San Leandro,4.6,209.0,0.0,3.0,"Global, International",267.0,78003
931,Sons of Liberty Ale House,San Leandro,4.3,64.0,0.0,2.0,American,424.0,78003
932,Horatio's,San Leandro,4.4,3389.0,0.0,3.0,Seafood,1004.0,78003
933,El Torito - San Leandro,San Leandro,4.0,293.0,0.0,3.0,Mexican,1007.0,78003
934,Black Angus Steakhouse - San Lorenzo,San Lorenzo,4.1,1846.0,0.0,2.0,Steakhouse,1006.0,97286
935,Paul Martin's American Grill - San Mateo,San Mateo,4.3,2506.0,0.0,2.0,American,107.0,124842
936,Pausa Bar & Cookery,San Mateo,4.8,1082.0,0.0,2.0,Italian,110.0,124842
937,La Lanterna Ristorante,San Mateo,4.8,670.0,0.0,2.0,Italian,113.0,124842
938,Pacific Catch San Mateo,San Mateo,4.5,1064.0,0.0,2.0,Seafood,114.0,124842
939,Luceti's on 25th Avenue,San Mateo,4.7,663.0,0.0,2.0,Italian,115.0,124842
940,Rise Woodfire,San Mateo,4.5,79.0,0.0,2.0,Contemporary American,116.0,124842
941,Central Park Bistro,San Mateo,4.7,1136.0,0.0,2.0,American,117.0,124842
942,Porterhouse,San Mateo,4.6,1219.0,0.0,3.0,Steakhouse,122.0,124842
943,The Barrel Bistro & Wine Bar,San Mateo,4.7,135.0,0.0,2.0,French American,128.0,124842
944,Par3 at Poplar Creek,San Mateo,4.6,64.0,0.0,2.0,American,134.0,124842
945,Vespucci Ristorante Italiano,San Mateo,4.7,635.0,0.0,3.0,Italian,137.0,124842
946,Tomatina - San Mateo,San Mateo,4.1,87.0,0.0,2.0,Italian,143.0,124842
947,"Gyu-Kaku - San Mateo, CA",San Mateo,4.5,572.0,0.0,2.0,Japanese,157.0,124842
948,Belcampo - San Mateo/Hillsdale,San Mateo,3.3,76.0,0.0,2.0,Farm-to-table,159.0,124842
949,All Spice – San Mateo,San Mateo,4.8,1109.0,0.0,3.0,Californian,160.0,124842
950,Izakaya Ginji,San Mateo,4.6,159.0,0.0,3.0,Japanese,166.0,124842
951,The Fish Market - San Mateo,San Mateo,4.3,195.0,0.0,2.0,Seafood,613.0,124842
952,Espetus Churrascaria - San Mateo,San Mateo,4.4,1729.0,0.0,4.0,Brazilian Steakhouse,646.0,124842
953,Roti Indian Bistro - San Mateo,San Mateo,3.7,292.0,0.0,2.0,Indian,667.0,124842
954,Clay Oven Cuisine of India - San Mateo,San Mateo,3.7,52.0,0.0,2.0,Indian,668.0,124842
955,Attic,San Mateo,4.0,303.0,0.0,2.0,Pan-Asian,678.0,124842
956,231 Ellsworth,San Mateo,4.1,750.0,0.0,4.0,Contemporary American,682.0,124842
957,The Fish Market-San Jose,San Mateo,4.2,160.0,0.0,2.0,Seafood,749.0,124842
958,La Toscana Ristorante,San Rafael,4.7,1113.0,0.0,2.0,Italian,18.0,91742
959,Vin Antico,San Rafael,4.3,888.0,0.0,3.0,Italian,19.0,91742
960,The Club Restaurant,San Rafael,3.9,443.0,0.0,2.0,American,21.0,91742
961,Chalet Basque,San Rafael,4.5,893.0,0.0,3.0,Basque,43.0,91742
962,Uchiwa Ramen,San Rafael,4.5,56.0,0.0,2.0,Contemporary Asian,46.0,91742
963,Revel & Roost Brick Oven Kitchen,San Rafael,4.1,98.0,0.0,2.0,American,200.0,91742
964,Bistro GinoLina,San Rafael,3.9,109.0,0.0,2.0,Italian,201.0,91742
965,State Room,San Rafael,4.2,104.0,0.0,2.0,Gastro Pub,211.0,91742
966,LaVier Latin Fusion,San Rafael,4.4,272.0,0.0,2.0,Latin American,217.0,91742
967,Primavera Ristorante,San Ramon,4.3,898.0,0.0,2.0,Italian,39.0,160783
968,Slanted Door - San Ramon,San Ramon,4.5,785.0,0.0,3.0,Vietnamese,61.0,160783
969,"The Salt, Indian Inspired",San Ramon,4.2,95.0,0.0,2.0,Californian,1023.0,160783
970,THE LOT City Center,San Ramon,3.5,231.0,0.0,2.0,American,1049.0,160783
971,Athena Grill,Santa Clara,4.7,67.0,0.0,2.0,Greek,30.0,126006
972,Birk's,Santa Clara,4.6,3124.0,0.0,3.0,American,31.0,126006
973,Pacific Catch Santa Clara,Santa Clara,4.6,70.0,0.0,2.0,Seafood,33.0,126006
974,Il Fornaio - Santa Clara,Santa Clara,4.4,1056.0,0.0,2.0,Italian,34.0,126006
975,Piatti - Santa Clara,Santa Clara,4.6,1144.0,0.0,2.0,Italian,36.0,126006
976,Opa! Santa Clara,Santa Clara,4.4,108.0,0.0,2.0,Greek,37.0,126006
977,Fleming's Steakhouse - Santa Clara,Santa Clara,4.7,553.0,0.0,3.0,Steak,39.0,126006
978,The Yellow Chilli by Sanjeev Kapoor - Santa Clara,Santa Clara,4.4,198.0,0.0,2.0,Indian,44.0,126006
979,Puesto Santa Clara,Santa Clara,4.6,684.0,0.0,2.0,Contemporary Mexican,83.0,126006
980,Bourbon Steak Santa Clara,Santa Clara,4.4,283.0,0.0,3.0,Steakhouse,96.0,126006
981,Bourbon Pub – Santa Clara,Santa Clara,4.2,404.0,0.0,2.0,American,97.0,126006
982,Fiorillo’s,Santa Clara,4.1,102.0,0.0,2.0,Italian,382.0,126006
983,Hatcho,Santa Clara,4.1,140.0,0.0,3.0,Japanese,401.0,126006
984,Bella Saratoga,Saratoga,4.6,1462.0,0.0,2.0,Italian,1003.0,191677
985,Sipan Peruvian Restaurant & Bar,Saratoga,4.2,267.0,0.0,2.0,Peruvian,1006.0,191677
986,The Hero Ranch Kitchen,Saratoga,4.9,1000.0,0.0,3.0,American,1015.0,191677
987,Flowers Saratoga,Saratoga,4.8,196.0,0.0,3.0,American,1016.0,191677
988,The Plumed Horse,Saratoga,4.8,2177.0,0.0,4.0,Californian,1020.0,191677
989,La Fondue - Saratoga,Saratoga,4.2,4835.0,0.0,3.0,French,1024.0,191677
990,La Mere Michelle,Saratoga,3.6,360.0,0.0,3.0,French,1027.0,191677
991,The Basin,Saratoga,4.4,1986.0,0.0,2.0,American,1210.0,191677
992,Sent Sovi,Saratoga,4.1,598.0,0.0,4.0,Californian,1211.0,191677
993,Salito's Crab House & Prime Rib,Sausalito,4.5,2227.0,0.0,2.0,Seafood,0.0,111906
994,Poggio,Sausalito,4.7,4744.0,0.0,3.0,Italian,1.0,111906
995,The Spinnaker - Sausalito,Sausalito,4.4,4355.0,0.0,3.0,Seafood,2.0,111906
996,Angelino Restaurant,Sausalito,4.7,817.0,0.0,2.0,Italian,3.0,111906
997,The Trident,Sausalito,4.4,1914.0,0.0,3.0,Seafood,4.0,111906
998,Murray Circle,Sausalito,4.5,4047.0,0.0,3.0,Californian,5.0,111906
999,Aurora - Sausalito,Sausalito,4.5,212.0,0.0,2.0,Italian,6.0,111906
1000,Sushi Ran,Sausalito,4.8,1717.0,0.0,3.0,Sushi,24.0,111906
1001,Seafood Peddler,Sausalito,4.1,935.0,0.0,2.0,Seafood,26.0,111906
1002,Scoma's Sausalito,Sausalito,4.8,1362.0,0.0,3.0,Seafood,27.0,111906
1003,Barrel House Tavern,Sausalito,4.5,638.0,0.0,3.0,Californian,28.0,111906
1004,Fast Food Francais,Sausalito,4.0,303.0,0.0,2.0,French,63.0,111906
1005,Copita,Sausalito,4.0,153.0,0.0,2.0,Mexican,66.0,111906
1006,Le Garage,Sausalito,4.2,1019.0,0.0,2.0,French,67.0,111906
1007,Saylor's Restaurant and Bar,Sausalito,4.0,55.0,0.0,2.0,Mexican,70.0,111906
1008,Chevys Fresh Mex - South San Francisco,South San Francisco,4.4,100.0,0.0,3.0,Mexican,144.0,105459
1009,Amoura Restaurant,South San Francisco,4.8,320.0,0.0,2.0,Mediterranean,145.0,105459
1010,Andiamo In Banca,South San Francisco,4.2,240.0,0.0,2.0,Italian,148.0,105459
1011,Di Napoli Ristorante & Pizzeria,South San Francisco,4.0,119.0,0.0,2.0,Italian,191.0,105459
1012,Bertolucci's,South San Francisco,4.2,975.0,0.0,2.0,Italian,899.0,105459
1013,Bertolucci's,South San Francisco,4.2,975.0,0.0,2.0,Italian,900.0,105459
1014,The Fish Market - Santa Clara,Sunnyvale,4.4,116.0,0.0,2.0,Seafood,793.0,140631
1015,Dishdash Sunnyvale,Sunnyvale,4.7,126.0,0.0,2.0,Middle Eastern,1001.0,140631
1016,Meyhouse,Sunnyvale,4.6,102.0,0.0,3.0,Turkish,1023.0,140631
1017,The Oxford - Sunnyvale,Sunnyvale,4.2,93.0,0.0,2.0,Contemporary British,1035.0,140631
1018,P.F. Chang's - Sunnyvale,Sunnyvale,4.0,76.0,0.0,2.0,Asian,1036.0,140631
1019,Rasam's,Sunnyvale,4.0,62.0,0.0,2.0,Contemporary Indian,1091.0,140631
1020,Pezzella's Villa Napoli,Sunnyvale,4.3,98.0,0.0,2.0,Italian,1167.0,140631
1021,Luna Blu - Tiburon,Tiburon,4.7,1514.0,0.0,3.0,Italian,29.0,154915
1022,Guaymas,Tiburon,3.8,330.0,0.0,2.0,Mexican,88.0,154915
1023,Lily Kai Chinese Cuisine,Tiburon,4.3,79.0,0.0,2.0,Chinese,89.0,154915
1024,The Caprice - Closed for Remodeling,Tiburon,4.3,1769.0,0.0,3.0,American,91.0,154915
1025,Chevys Fresh Mex - Union City,Union City,4.1,66.0,0.0,3.0,Mexican,1021.0,114681
1026,Chevys Fresh Mex - Vallejo,Vallejo,4.6,54.0,0.0,3.0,Mexican,2017.0,69405
1027,Black Angus Steakhouse - Vallejo,Vallejo,4.1,983.0,0.0,2.0,Steakhouse,2037.0,69405
1028,TELÈFERIC BARCELONA - WALNUT CREEK,Walnut Creek,4.5,2273.0,0.0,4.0,Spanish,3.0,105948
1029,True Food Kitchen - Walnut Creek,Walnut Creek,4.6,2242.0,0.0,2.0,American,5.0,105948
1030,Sauced BBQ & Spirits - Walnut Creek,Walnut Creek,4.6,390.0,0.0,2.0,Barbecue,6.0,105948
1031,Pacific Catch Walnut Creek,Walnut Creek,4.5,815.0,0.0,2.0,Seafood,9.0,105948
1032,Il Fornaio - Walnut Creek,Walnut Creek,4.4,3757.0,0.0,2.0,Italian,14.0,105948
1033,Ruth's Chris Steak House - Walnut Creek,Walnut Creek,4.6,2753.0,0.0,4.0,Steakhouse,16.0,105948
1034,Galpao Gaucho - Walnut Creek,Walnut Creek,4.7,192.0,0.0,3.0,Brazilian Steakhouse,19.0,105948
1035,OPA - Walnut Creek,Walnut Creek,4.3,101.0,0.0,4.0,Greek,20.0,105948
1036,Fleming's Steakhouse - Walnut Creek,Walnut Creek,4.7,2155.0,0.0,3.0,Steak,21.0,105948
1037,54 Mint Forno Italiano,Walnut Creek,4.3,518.0,0.0,2.0,Italian,22.0,105948
1038,Vanessa's Bistro 2,Walnut Creek,4.7,997.0,0.0,2.0,Vietnamese,26.0,105948
1039,Parada Peruvian Kitchen,Walnut Creek,4.6,1080.0,0.0,3.0,Peruvian,30.0,105948
1040,1515 Restaurant & Lounge,Walnut Creek,4.2,787.0,0.0,3.0,Californian,33.0,105948
1041,P.F. Chang's - Walnut Creek,Walnut Creek,3.8,159.0,0.0,2.0,Asian,35.0,105948
1042,Sasa,Walnut Creek,4.7,1796.0,0.0,3.0,Japanese,48.0,105948
1043,Massimo Ristorante,Walnut Creek,4.9,945.0,0.0,3.0,Italian,55.0,105948
1044,Walnut Creek Branch - La Sen Bistro,Walnut Creek,4.5,634.0,0.0,3.0,French,56.0,105948
1045,Shadowbrook Winery,Walnut Creek,4.8,109.0,0.0,4.0,Winery,64.0,105948
1046,Tomatina - Walnut Creek,Walnut Creek,3.8,94.0,0.0,3.0,Italian,67.0,105948
1047,Limon Rotisserie Walnut Creek,Walnut Creek,4.4,902.0,0.0,2.0,Peruvian,82.0,105948
1048,Taheri's Mediterranean Restaurant,Walnut Creek,4.0,189.0,0.0,2.0,Mediterranean,93.0,105948
1049,Babushka Restaurant,Walnut Creek,4.7,228.0,0.0,2.0,Russian,214.0,105948
1050,Bounty Hunter - Walnut Creek,Walnut Creek,4.5,224.0,0.0,2.0,American,240.0,105948
1051,Va de Vi Bistro & Wine Bar,Walnut Creek,4.4,2918.0,0.0,2.0,Tapas / Small Plates,248.0,105948
1052,NM Cafe at Neiman Marcus - Walnut Creek,Walnut Creek,4.6,538.0,0.0,2.0,Contemporary American,251.0,105948
1053,Pyramid Alehouse,Walnut Creek,3.5,97.0,0.0,2.0,Brewery,277.0,105948
1054,Main Street Kitchen - Walnut Creek,Walnut Creek,4.3,132.0,0.0,2.0,Californian,281.0,105948
1055,Walnut Creek Yacht Club,Walnut Creek,4.2,1597.0,0.0,3.0,Seafood,282.0,105948
1056,Lokanta - Walnut Creek,Walnut Creek,4.5,540.0,0.0,2.0,Mediterranean,287.0,105948
1057,Kanishka's Gastro Pub,Walnut Creek,4.1,212.0,0.0,2.0,Gastro Pub,297.0,105948
1058,Havana Restaurant,Walnut Creek,4.2,140.0,0.0,2.0,Cuban,298.0,105948
1059,Ottavio,Walnut Creek,4.1,724.0,0.0,3.0,Italian,309.0,105948
1060,Montecatini Restaurant - Walnut Creek,Walnut Creek,4.4,547.0,0.0,2.0,Italian,321.0,105948
1061,Eleve Restaurant,Walnut Creek,4.0,546.0,0.0,3.0,Vietnamese,329.0,105948
1062,Hamachi,Walnut Creek,3.7,77.0,0.0,2.0,Sushi,333.0,105948
1063,Benvenuti Ristorante,Walnut Creek,4.5,736.0,0.0,2.0,Italian,336.0,105948
1064,Pasta Primavera Walnut Creek,Walnut Creek,4.2,296.0,0.0,2.0,Italian,556.0,105948
1065,The Village Bakery and Cafe,Woodside,4.7,612.0,1.0,2.0,American,0.0,250001
1066,Firehouse Bistro,Woodside,4.3,301.0,0.0,3.0,American,50.0,250001
1067,The Village Pub,Woodside,4.8,2970.0,0.0,3.0,American,97.0,250001
1068,Woodside Bakery & Cafe - Permanently Closed,Woodside,3.7,382.0,0.0,2.0,Californian,419.0,250001
1069,Mountain House - Woodside,Woodside,4.5,1397.0,0.0,2.0,American,560.0,250001
